==================================
      SYSTEM INFORMATION
==================================

----- Hostname & OS Info -----
Hostname: sufiyan-HP-Notebook
OS Information:
PRETTY_NAME="Ubuntu 24.04.4 LTS"

----- Uptime -----
System Uptime:
up 1 day, 21 hours, 13 minutes

----- Disk Usage -----
Top 5 Largest Files/Directories:
201M	./opt
108K	./snap

----- Memory Usage -----
Memory Usage:
               total        used        free      shared  buff/cache   available
Mem:            11Gi       4.0Gi       2.8Gi       521Mi       5.6Gi       7.5Gi
Swap:          4.0Gi          0B       4.0Gi

----- Top CPU Processes -----
Top 5 CPU-Consuming Processes:
    PID    PPID CMD                         %CPU
 467061  467052 ps -eo pid,ppid,cmd,%cpu --  800
 467052  467051 /bin/bash /home/sufiyan/Dev 11.1
 467050  419177 /usr/sbin/CRON -f -P         8.3
   4029    3615 kube-apiserver --advertise-  3.1
   4126    3681 kube-apiserver --advertise-  2.8
==================================
      SYSTEM INFORMATION
==================================

----- Hostname & OS Info -----
Hostname: sufiyan-HP-Notebook
OS Information:
PRETTY_NAME="Ubuntu 24.04.4 LTS"

----- Uptime -----
System Uptime:
up 1 day, 21 hours, 14 minutes

----- Disk Usage -----
Top 5 Largest Files/Directories:
201M	./opt
108K	./snap

----- Memory Usage -----
Memory Usage:
               total        used        free      shared  buff/cache   available
Mem:            11Gi       4.0Gi       2.8Gi       515Mi       5.6Gi       7.5Gi
Swap:          4.0Gi          0B       4.0Gi

----- Top CPU Processes -----
Top 5 CPU-Consuming Processes:
    PID    PPID CMD                         %CPU
 467643  467634 ps -eo pid,ppid,cmd,%cpu --  700
 467634  467633 /bin/bash /home/sufiyan/Dev 20.0
   4029    3615 kube-apiserver --advertise-  3.1
   4126    3681 kube-apiserver --advertise-  2.8
   3357    2350 /usr/bin/kubelet --bootstra  1.9
==================================
      SYSTEM INFORMATION
==================================

----- Hostname & OS Info -----
Hostname: sufiyan-HP-Notebook
OS Information:
PRETTY_NAME="Ubuntu 24.04.4 LTS"

----- Uptime -----
System Uptime:
up 1 day, 21 hours, 15 minutes

----- Disk Usage -----
Top 5 Largest Files/Directories:
201M	./opt
108K	./snap

----- Memory Usage -----
Memory Usage:
               total        used        free      shared  buff/cache   available
Mem:            11Gi       4.0Gi       2.8Gi       515Mi       5.6Gi       7.5Gi
Swap:          4.0Gi          0B       4.0Gi

----- Top CPU Processes -----
Top 5 CPU-Consuming Processes:
    PID    PPID CMD                         %CPU
 468216  419177 /usr/sbin/CRON -f -P        12.5
   4029    3615 kube-apiserver --advertise-  3.1
   4126    3681 kube-apiserver --advertise-  2.8
   3357    2350 /usr/bin/kubelet --bootstra  1.9
   2836    2350 /usr/local/bin/containerd    1.4
==================================
      SYSTEM INFORMATION
==================================

----- Hostname & OS Info -----
Hostname: sufiyan-HP-Notebook
OS Information:
PRETTY_NAME="Ubuntu 24.04.4 LTS"

----- Uptime -----
System Uptime:
up 1 day, 21 hours, 16 minutes

----- Disk Usage -----
Top 5 Largest Files/Directories:
201M	./opt
108K	./snap

----- Memory Usage -----
Memory Usage:
               total        used        free      shared  buff/cache   available
Mem:            11Gi       4.0Gi       2.8Gi       515Mi       5.6Gi       7.5Gi
Swap:          4.0Gi          0B       4.0Gi

----- Top CPU Processes -----
Top 5 CPU-Consuming Processes:
    PID    PPID CMD                         %CPU
 468819  468809 ps -eo pid,ppid,cmd,%cpu --  500
 468809  468807 /bin/bash /home/sufiyan/Dev 16.6
   4029    3615 kube-apiserver --advertise-  3.1
   4126    3681 kube-apiserver --advertise-  2.8
   3357    2350 /usr/bin/kubelet --bootstra  1.9
==================================
      SYSTEM INFORMATION
==================================

----- Hostname & OS Info -----
Hostname: sufiyan-HP-Notebook
OS Information:
PRETTY_NAME="Ubuntu 24.04.4 LTS"

----- Uptime -----
System Uptime:
up 1 day, 21 hours, 17 minutes

----- Disk Usage -----
Top 5 Largest Files/Directories:
201M	./opt
108K	./snap

----- Memory Usage -----
Memory Usage:
               total        used        free      shared  buff/cache   available
Mem:            11Gi       4.0Gi       2.8Gi       515Mi       5.6Gi       7.5Gi
Swap:          4.0Gi          0B       4.0Gi

----- Top CPU Processes -----
Top 5 CPU-Consuming Processes:
    PID    PPID CMD                         %CPU
 469420  469411 ps -eo pid,ppid,cmd,%cpu --  500
   4029    3615 kube-apiserver --advertise-  3.1
   4126    3681 kube-apiserver --advertise-  2.8
   3357    2350 /usr/bin/kubelet --bootstra  1.9
   2836    2350 /usr/local/bin/containerd    1.4
==================================
      SYSTEM INFORMATION
==================================

----- Hostname & OS Info -----
Hostname: sufiyan-HP-Notebook
OS Information:
PRETTY_NAME="Ubuntu 24.04.4 LTS"

----- Uptime -----
System Uptime:
up 1 day, 21 hours, 18 minutes

----- Disk Usage -----
Top 5 Largest Files/Directories:
201M	./opt
108K	./snap

----- Memory Usage -----
Memory Usage:
               total        used        free      shared  buff/cache   available
Mem:            11Gi       4.0Gi       2.8Gi       515Mi       5.6Gi       7.5Gi
Swap:          4.0Gi          0B       4.0Gi

----- Top CPU Processes -----
Top 5 CPU-Consuming Processes:
    PID    PPID CMD                         %CPU
 470008  469999 ps -eo pid,ppid,cmd,%cpu --  600
   4029    3615 kube-apiserver --advertise-  3.1
   4126    3681 kube-apiserver --advertise-  2.8
   3357    2350 /usr/bin/kubelet --bootstra  1.9
   2836    2350 /usr/local/bin/containerd    1.4
==================================
      SYSTEM INFORMATION
==================================

----- Hostname & OS Info -----
Hostname: sufiyan-HP-Notebook
OS Information:
PRETTY_NAME="Ubuntu 24.04.4 LTS"

----- Uptime -----
System Uptime:
up 1 day, 21 hours, 19 minutes

----- Disk Usage -----
Top 5 Largest Files/Directories:
201M	./opt
108K	./snap

----- Memory Usage -----
Memory Usage:
               total        used        free      shared  buff/cache   available
Mem:            11Gi       4.0Gi       2.8Gi       515Mi       5.6Gi       7.5Gi
Swap:          4.0Gi          0B       4.0Gi

----- Top CPU Processes -----
Top 5 CPU-Consuming Processes:
    PID    PPID CMD                         %CPU
 470591  470582 ps -eo pid,ppid,cmd,%cpu --  500
   4029    3615 kube-apiserver --advertise-  3.1
   4126    3681 kube-apiserver --advertise-  2.8
   3357    2350 /usr/bin/kubelet --bootstra  1.9
   2836    2350 /usr/local/bin/containerd    1.4
==================================
      SYSTEM INFORMATION
==================================

----- Hostname & OS Info -----
Hostname: sufiyan-HP-Notebook
OS Information:
PRETTY_NAME="Ubuntu 24.04.4 LTS"

----- Uptime -----
System Uptime:
up 1 day, 21 hours, 20 minutes

----- Disk Usage -----
Top 5 Largest Files/Directories:
201M	./opt
108K	./snap

----- Memory Usage -----
Memory Usage:
               total        used        free      shared  buff/cache   available
Mem:            11Gi       4.0Gi       2.8Gi       506Mi       5.5Gi       7.6Gi
Swap:          4.0Gi          0B       4.0Gi

----- Top CPU Processes -----
Top 5 CPU-Consuming Processes:
    PID    PPID CMD                         %CPU
 471190  471181 ps -eo pid,ppid,cmd,%cpu --  600
 471181  471180 /bin/bash /home/sufiyan/Dev 20.0
 471179  419177 /usr/sbin/CRON -f -P        14.2
   4029    3615 kube-apiserver --advertise-  3.1
   4126    3681 kube-apiserver --advertise-  2.8
==================================
      SYSTEM INFORMATION
==================================

----- Hostname & OS Info -----
Hostname: sufiyan-HP-Notebook
OS Information:
PRETTY_NAME="Ubuntu 24.04.4 LTS"

----- Uptime -----
System Uptime:
up 1 day, 21 hours, 21 minutes

----- Disk Usage -----
Top 5 Largest Files/Directories:
201M	./opt
108K	./snap

----- Memory Usage -----
Memory Usage:
               total        used        free      shared  buff/cache   available
Mem:            11Gi       4.0Gi       2.8Gi       498Mi       5.5Gi       7.6Gi
Swap:          4.0Gi          0B       4.0Gi

----- Top CPU Processes -----
Top 5 CPU-Consuming Processes:
    PID    PPID CMD                         %CPU
 471785  471776 ps -eo pid,ppid,cmd,%cpu --  400
 471773  419177 /usr/sbin/CRON -f -P        12.5
   4029    3615 kube-apiserver --advertise-  3.1
   4126    3681 kube-apiserver --advertise-  2.8
   3357    2350 /usr/bin/kubelet --bootstra  1.9
==================================
      SYSTEM INFORMATION
==================================

----- Hostname & OS Info -----
Hostname: sufiyan-HP-Notebook
OS Information:
PRETTY_NAME="Ubuntu 24.04.4 LTS"

----- Uptime -----
System Uptime:
up 1 day, 21 hours, 22 minutes

----- Disk Usage -----
Top 5 Largest Files/Directories:
201M	./opt
108K	./snap

----- Memory Usage -----
Memory Usage:
               total        used        free      shared  buff/cache   available
Mem:            11Gi       4.0Gi       2.8Gi       498Mi       5.5Gi       7.6Gi
Swap:          4.0Gi          0B       4.0Gi

----- Top CPU Processes -----
Top 5 CPU-Consuming Processes:
    PID    PPID CMD                         %CPU
 472385  472376 ps -eo pid,ppid,cmd,%cpu --  300
   4029    3615 kube-apiserver --advertise-  3.2
   4126    3681 kube-apiserver --advertise-  2.8
   3357    2350 /usr/bin/kubelet --bootstra  1.9
   2836    2350 /usr/local/bin/containerd    1.4
==================================
      SYSTEM INFORMATION
==================================

----- Hostname & OS Info -----
Hostname: sufiyan-HP-Notebook
OS Information:
PRETTY_NAME="Ubuntu 24.04.4 LTS"

----- Uptime -----
System Uptime:
up 1 day, 21 hours, 23 minutes

----- Disk Usage -----
Top 5 Largest Files/Directories:
201M	./opt
108K	./snap

----- Memory Usage -----
Memory Usage:
               total        used        free      shared  buff/cache   available
Mem:            11Gi       4.0Gi       2.8Gi       498Mi       5.5Gi       7.6Gi
Swap:          4.0Gi          0B       4.0Gi

----- Top CPU Processes -----
Top 5 CPU-Consuming Processes:
    PID    PPID CMD                         %CPU
 472985  472976 ps -eo pid,ppid,cmd,%cpu --  500
   4029    3615 kube-apiserver --advertise-  3.2
   4126    3681 kube-apiserver --advertise-  2.8
   3357    2350 /usr/bin/kubelet --bootstra  1.9
   2836    2350 /usr/local/bin/containerd    1.4
==================================
      SYSTEM INFORMATION
==================================

----- Hostname & OS Info -----
Hostname: sufiyan-HP-Notebook
OS Information:
PRETTY_NAME="Ubuntu 24.04.4 LTS"

----- Uptime -----
System Uptime:
up 1 day, 21 hours, 24 minutes

----- Disk Usage -----
Top 5 Largest Files/Directories:
201M	./opt
108K	./snap

----- Memory Usage -----
Memory Usage:
               total        used        free      shared  buff/cache   available
Mem:            11Gi       4.0Gi       2.8Gi       498Mi       5.5Gi       7.6Gi
Swap:          4.0Gi          0B       4.0Gi

----- Top CPU Processes -----
Top 5 CPU-Consuming Processes:
    PID    PPID CMD                         %CPU
   4029    3615 kube-apiserver --advertise-  3.2
   4126    3681 kube-apiserver --advertise-  2.8
   3357    2350 /usr/bin/kubelet --bootstra  1.9
   2836    2350 /usr/local/bin/containerd    1.5
   4036    3628 etcd --advertise-client-url  1.4
==================================
      SYSTEM INFORMATION
==================================

----- Hostname & OS Info -----
Hostname: sufiyan-HP-Notebook
OS Information:
PRETTY_NAME="Ubuntu 24.04.4 LTS"

----- Uptime -----
System Uptime:
up 1 day, 21 hours, 25 minutes

----- Disk Usage -----
Top 5 Largest Files/Directories:
201M	./opt
108K	./snap

----- Memory Usage -----
Memory Usage:
               total        used        free      shared  buff/cache   available
Mem:            11Gi       4.0Gi       2.8Gi       498Mi       5.5Gi       7.6Gi
Swap:          4.0Gi          0B       4.0Gi

----- Top CPU Processes -----
Top 5 CPU-Consuming Processes:
    PID    PPID CMD                         %CPU
 474157  474148 ps -eo pid,ppid,cmd,%cpu --  400
   4029    3615 kube-apiserver --advertise-  3.2
   4126    3681 kube-apiserver --advertise-  2.8
   3357    2350 /usr/bin/kubelet --bootstra  1.9
   2836    2350 /usr/local/bin/containerd    1.5
==================================
      SYSTEM INFORMATION
==================================

----- Hostname & OS Info -----
Hostname: sufiyan-HP-Notebook
OS Information:
PRETTY_NAME="Ubuntu 24.04.4 LTS"

----- Uptime -----
System Uptime:
up 1 day, 21 hours, 26 minutes

----- Disk Usage -----
Top 5 Largest Files/Directories:
201M	./opt
108K	./snap

----- Memory Usage -----
Memory Usage:
               total        used        free      shared  buff/cache   available
Mem:            11Gi       4.0Gi       2.8Gi       498Mi       5.5Gi       7.6Gi
Swap:          4.0Gi          0B       4.0Gi

----- Top CPU Processes -----
Top 5 CPU-Consuming Processes:
    PID    PPID CMD                         %CPU
 474755  419177 /usr/sbin/CRON -f -P        16.6
   4029    3615 kube-apiserver --advertise-  3.2
   4126    3681 kube-apiserver --advertise-  2.8
   3357    2350 /usr/bin/kubelet --bootstra  1.9
   2836    2350 /usr/local/bin/containerd    1.5
==================================
      SYSTEM INFORMATION
==================================

----- Hostname & OS Info -----
Hostname: sufiyan-HP-Notebook
OS Information:
PRETTY_NAME="Ubuntu 24.04.4 LTS"

----- Uptime -----
System Uptime:
up 1 day, 21 hours, 27 minutes

----- Disk Usage -----
Top 5 Largest Files/Directories:
201M	./opt
108K	./snap

----- Memory Usage -----
Memory Usage:
               total        used        free      shared  buff/cache   available
Mem:            11Gi       4.0Gi       2.8Gi       499Mi       5.5Gi       7.6Gi
Swap:          4.0Gi          0B       4.0Gi

----- Top CPU Processes -----
Top 5 CPU-Consuming Processes:
    PID    PPID CMD                         %CPU
   4029    3615 kube-apiserver --advertise-  3.2
   4126    3681 kube-apiserver --advertise-  2.8
   3357    2350 /usr/bin/kubelet --bootstra  1.9
   2836    2350 /usr/local/bin/containerd    1.5
   4036    3628 etcd --advertise-client-url  1.4
==================================
      SYSTEM INFORMATION
==================================

----- Hostname & OS Info -----
Hostname: sufiyan-HP-Notebook
OS Information:
PRETTY_NAME="Ubuntu 24.04.4 LTS"

----- Uptime -----
System Uptime:
up 1 day, 21 hours, 28 minutes

----- Disk Usage -----
Top 5 Largest Files/Directories:
201M	./opt
108K	./snap

----- Memory Usage -----
Memory Usage:
               total        used        free      shared  buff/cache   available
Mem:            11Gi       4.0Gi       2.8Gi       507Mi       5.6Gi       7.6Gi
Swap:          4.0Gi          0B       4.0Gi

----- Top CPU Processes -----
Top 5 CPU-Consuming Processes:
    PID    PPID CMD                         %CPU
 475953  475944 ps -eo pid,ppid,cmd,%cpu --  200
   4029    3615 kube-apiserver --advertise-  3.2
   4126    3681 kube-apiserver --advertise-  2.8
   3357    2350 /usr/bin/kubelet --bootstra  1.9
   2836    2350 /usr/local/bin/containerd    1.5
==================================
      SYSTEM INFORMATION
==================================

----- Hostname & OS Info -----
Hostname: sufiyan-HP-Notebook
OS Information:
PRETTY_NAME="Ubuntu 24.04.4 LTS"

----- Uptime -----
System Uptime:
up 1 day, 21 hours, 29 minutes

----- Disk Usage -----
Top 5 Largest Files/Directories:
201M	./opt
108K	./snap

----- Memory Usage -----
Memory Usage:
               total        used        free      shared  buff/cache   available
Mem:            11Gi       4.0Gi       2.8Gi       507Mi       5.6Gi       7.6Gi
Swap:          4.0Gi          0B       4.0Gi

----- Top CPU Processes -----
Top 5 CPU-Consuming Processes:
    PID    PPID CMD                         %CPU
 476557  476548 ps -eo pid,ppid,cmd,%cpu --  500
   4029    3615 kube-apiserver --advertise-  3.2
   4126    3681 kube-apiserver --advertise-  2.9
   3357    2350 /usr/bin/kubelet --bootstra  1.9
   2836    2350 /usr/local/bin/containerd    1.5
==================================
      SYSTEM INFORMATION
==================================

----- Hostname & OS Info -----
Hostname: sufiyan-HP-Notebook
OS Information:
PRETTY_NAME="Ubuntu 24.04.4 LTS"

----- Uptime -----
System Uptime:
up 1 day, 21 hours, 30 minutes

----- Disk Usage -----
Top 5 Largest Files/Directories:
201M	./opt
108K	./snap

----- Memory Usage -----
Memory Usage:
               total        used        free      shared  buff/cache   available
Mem:            11Gi       4.0Gi       2.8Gi       507Mi       5.6Gi       7.6Gi
Swap:          4.0Gi          0B       4.0Gi

----- Top CPU Processes -----
Top 5 CPU-Consuming Processes:
    PID    PPID CMD                         %CPU
   4029    3615 kube-apiserver --advertise-  3.2
   4126    3681 kube-apiserver --advertise-  2.9
   3357    2350 /usr/bin/kubelet --bootstra  1.9
   2836    2350 /usr/local/bin/containerd    1.5
   4036    3628 etcd --advertise-client-url  1.4
==================================
      SYSTEM INFORMATION
==================================

----- Hostname & OS Info -----
Hostname: sufiyan-HP-Notebook
OS Information:
PRETTY_NAME="Ubuntu 24.04.4 LTS"

----- Uptime -----
System Uptime:
up 1 day, 21 hours, 31 minutes

----- Disk Usage -----
Top 5 Largest Files/Directories:
201M	./opt
108K	./snap

----- Memory Usage -----
Memory Usage:
               total        used        free      shared  buff/cache   available
Mem:            11Gi       4.0Gi       2.8Gi       515Mi       5.6Gi       7.6Gi
Swap:          4.0Gi          0B       4.0Gi

----- Top CPU Processes -----
Top 5 CPU-Consuming Processes:
    PID    PPID CMD                         %CPU
 477743  477734 ps -eo pid,ppid,cmd,%cpu --  300
   4029    3615 kube-apiserver --advertise-  3.2
   4126    3681 kube-apiserver --advertise-  2.9
   3357    2350 /usr/bin/kubelet --bootstra  1.9
   2836    2350 /usr/local/bin/containerd    1.5
==================================
      SYSTEM INFORMATION
==================================

----- Hostname & OS Info -----
Hostname: sufiyan-HP-Notebook
OS Information:
PRETTY_NAME="Ubuntu 24.04.4 LTS"

----- Uptime -----
System Uptime:
up 1 day, 21 hours, 32 minutes

----- Disk Usage -----
Top 5 Largest Files/Directories:
201M	./opt
108K	./snap

----- Memory Usage -----
Memory Usage:
               total        used        free      shared  buff/cache   available
Mem:            11Gi       4.0Gi       2.8Gi       515Mi       5.6Gi       7.6Gi
Swap:          4.0Gi          0B       4.0Gi

----- Top CPU Processes -----
Top 5 CPU-Consuming Processes:
    PID    PPID CMD                         %CPU
 478347  478338 ps -eo pid,ppid,cmd,%cpu --  300
 478336  419177 /usr/sbin/CRON -f -P        14.2
   4029    3615 kube-apiserver --advertise-  3.2
   4126    3681 kube-apiserver --advertise-  2.9
   3357    2350 /usr/bin/kubelet --bootstra  1.9
==================================
      SYSTEM INFORMATION
==================================

----- Hostname & OS Info -----
Hostname: sufiyan-HP-Notebook
OS Information:
PRETTY_NAME="Ubuntu 24.04.4 LTS"

----- Uptime -----
System Uptime:
up 1 day, 21 hours, 33 minutes

----- Disk Usage -----
Top 5 Largest Files/Directories:
201M	./opt
108K	./snap

----- Memory Usage -----
Memory Usage:
               total        used        free      shared  buff/cache   available
Mem:            11Gi       4.0Gi       2.8Gi       515Mi       5.6Gi       7.5Gi
Swap:          4.0Gi          0B       4.0Gi

----- Top CPU Processes -----
Top 5 CPU-Consuming Processes:
    PID    PPID CMD                         %CPU
   4029    3615 kube-apiserver --advertise-  3.2
   4126    3681 kube-apiserver --advertise-  2.9
   3357    2350 /usr/bin/kubelet --bootstra  1.9
   2836    2350 /usr/local/bin/containerd    1.5
   4036    3628 etcd --advertise-client-url  1.4
==================================
      SYSTEM INFORMATION
==================================

----- Hostname & OS Info -----
Hostname: sufiyan-HP-Notebook
OS Information:
PRETTY_NAME="Ubuntu 24.04.4 LTS"

----- Uptime -----
System Uptime:
up 1 day, 21 hours, 34 minutes

----- Disk Usage -----
Top 5 Largest Files/Directories:
201M	./opt
108K	./snap

----- Memory Usage -----
Memory Usage:
               total        used        free      shared  buff/cache   available
Mem:            11Gi       4.0Gi       2.8Gi       515Mi       5.6Gi       7.6Gi
Swap:          4.0Gi          0B       4.0Gi

----- Top CPU Processes -----
Top 5 CPU-Consuming Processes:
    PID    PPID CMD                         %CPU
   4029    3615 kube-apiserver --advertise-  3.2
   4126    3681 kube-apiserver --advertise-  2.9
   3357    2350 /usr/bin/kubelet --bootstra  1.9
   2836    2350 /usr/local/bin/containerd    1.5
   4036    3628 etcd --advertise-client-url  1.4
==================================
      SYSTEM INFORMATION
==================================

----- Hostname & OS Info -----
Hostname: sufiyan-HP-Notebook
OS Information:
PRETTY_NAME="Ubuntu 24.04.4 LTS"

----- Uptime -----
System Uptime:
up 1 day, 21 hours, 35 minutes

----- Disk Usage -----
Top 5 Largest Files/Directories:
201M	./opt
108K	./snap

----- Memory Usage -----
Memory Usage:
               total        used        free      shared  buff/cache   available
Mem:            11Gi       4.0Gi       2.8Gi       515Mi       5.6Gi       7.6Gi
Swap:          4.0Gi          0B       4.0Gi

----- Top CPU Processes -----
Top 5 CPU-Consuming Processes:
    PID    PPID CMD                         %CPU
 480141  480132 ps -eo pid,ppid,cmd,%cpu -- 1000
   4029    3615 kube-apiserver --advertise-  3.2
   4126    3681 kube-apiserver --advertise-  2.9
   3357    2350 /usr/bin/kubelet --bootstra  1.9
   2836    2350 /usr/local/bin/containerd    1.5
==================================
      SYSTEM INFORMATION
==================================

----- Hostname & OS Info -----
Hostname: sufiyan-HP-Notebook
OS Information:
PRETTY_NAME="Ubuntu 24.04.4 LTS"

----- Uptime -----
System Uptime:
up 1 day, 21 hours, 36 minutes

----- Disk Usage -----
Top 5 Largest Files/Directories:
201M	./opt
108K	./snap

----- Memory Usage -----
Memory Usage:
               total        used        free      shared  buff/cache   available
Mem:            11Gi       4.0Gi       2.8Gi       515Mi       5.6Gi       7.6Gi
Swap:          4.0Gi          0B       4.0Gi

----- Top CPU Processes -----
Top 5 CPU-Consuming Processes:
    PID    PPID CMD                         %CPU
 480721  480712 ps -eo pid,ppid,cmd,%cpu --  500
 480708  419177 /usr/sbin/CRON -f -P        12.5
   4029    3615 kube-apiserver --advertise-  3.2
   4126    3681 kube-apiserver --advertise-  2.9
   3357    2350 /usr/bin/kubelet --bootstra  1.9
==================================
      SYSTEM INFORMATION
==================================

----- Hostname & OS Info -----
Hostname: sufiyan-HP-Notebook
OS Information:
PRETTY_NAME="Ubuntu 24.04.4 LTS"

----- Uptime -----
System Uptime:
up 1 day, 21 hours, 37 minutes

----- Disk Usage -----
Top 5 Largest Files/Directories:
201M	./opt
108K	./snap

----- Memory Usage -----
Memory Usage:
               total        used        free      shared  buff/cache   available
Mem:            11Gi       4.0Gi       2.8Gi       515Mi       5.6Gi       7.6Gi
Swap:          4.0Gi          0B       4.0Gi

----- Top CPU Processes -----
Top 5 CPU-Consuming Processes:
    PID    PPID CMD                         %CPU
 481318  419177 /usr/sbin/CRON -f -P        14.2
   4029    3615 kube-apiserver --advertise-  3.2
   4126    3681 kube-apiserver --advertise-  2.9
   3357    2350 /usr/bin/kubelet --bootstra  1.9
   2836    2350 /usr/local/bin/containerd    1.5
==================================
      SYSTEM INFORMATION
==================================

----- Hostname & OS Info -----
Hostname: sufiyan-HP-Notebook
OS Information:
PRETTY_NAME="Ubuntu 24.04.4 LTS"

----- Uptime -----
System Uptime:
up 1 day, 21 hours, 38 minutes

----- Disk Usage -----
Top 5 Largest Files/Directories:
201M	./opt
108K	./snap

----- Memory Usage -----
Memory Usage:
               total        used        free      shared  buff/cache   available
Mem:            11Gi       4.0Gi       2.8Gi       515Mi       5.6Gi       7.6Gi
Swap:          4.0Gi          0B       4.0Gi

----- Top CPU Processes -----
Top 5 CPU-Consuming Processes:
    PID    PPID CMD                         %CPU
 481913  419177 /usr/sbin/CRON -f -P        16.6
   4029    3615 kube-apiserver --advertise-  3.2
   4126    3681 kube-apiserver --advertise-  2.9
   3357    2350 /usr/bin/kubelet --bootstra  1.9
   2836    2350 /usr/local/bin/containerd    1.5
==================================
      SYSTEM INFORMATION
==================================

----- Hostname & OS Info -----
Hostname: sufiyan-HP-Notebook
OS Information:
PRETTY_NAME="Ubuntu 24.04.4 LTS"

----- Uptime -----
System Uptime:
up 1 day, 21 hours, 39 minutes

----- Disk Usage -----
Top 5 Largest Files/Directories:
201M	./opt
108K	./snap

----- Memory Usage -----
Memory Usage:
               total        used        free      shared  buff/cache   available
Mem:            11Gi       4.0Gi       2.8Gi       515Mi       5.6Gi       7.6Gi
Swap:          4.0Gi          0B       4.0Gi

----- Top CPU Processes -----
Top 5 CPU-Consuming Processes:
    PID    PPID CMD                         %CPU
 482523  482514 ps -eo pid,ppid,cmd,%cpu --  500
 482514  482513 /bin/bash /home/sufiyan/Dev 16.6
   4029    3615 kube-apiserver --advertise-  3.2
   4126    3681 kube-apiserver --advertise-  2.9
   3357    2350 /usr/bin/kubelet --bootstra  1.9
==================================
      SYSTEM INFORMATION
==================================

----- Hostname & OS Info -----
Hostname: sufiyan-HP-Notebook
OS Information:
PRETTY_NAME="Ubuntu 24.04.4 LTS"

----- Uptime -----
System Uptime:
up 1 day, 21 hours, 40 minutes

----- Disk Usage -----
Top 5 Largest Files/Directories:
201M	./opt
108K	./snap

----- Memory Usage -----
Memory Usage:
               total        used        free      shared  buff/cache   available
Mem:            11Gi       4.0Gi       2.8Gi       515Mi       5.6Gi       7.5Gi
Swap:          4.0Gi          0B       4.0Gi

----- Top CPU Processes -----
Top 5 CPU-Consuming Processes:
    PID    PPID CMD                         %CPU
 483110  483101 ps -eo pid,ppid,cmd,%cpu --  800
 483101  483100 /bin/bash /home/sufiyan/Dev 16.6
   4029    3615 kube-apiserver --advertise-  3.2
   4126    3681 kube-apiserver --advertise-  2.9
   3357    2350 /usr/bin/kubelet --bootstra  1.9
==================================
      SYSTEM INFORMATION
==================================

----- Hostname & OS Info -----
Hostname: sufiyan-HP-Notebook
OS Information:
PRETTY_NAME="Ubuntu 24.04.4 LTS"

----- Uptime -----
System Uptime:
up 1 day, 21 hours, 41 minutes

----- Disk Usage -----
Top 5 Largest Files/Directories:
201M	./opt
108K	./snap

----- Memory Usage -----
Memory Usage:
               total        used        free      shared  buff/cache   available
Mem:            11Gi       4.0Gi       2.8Gi       515Mi       5.6Gi       7.5Gi
Swap:          4.0Gi          0B       4.0Gi

----- Top CPU Processes -----
Top 5 CPU-Consuming Processes:
    PID    PPID CMD                         %CPU
   4029    3615 kube-apiserver --advertise-  3.2
   4126    3681 kube-apiserver --advertise-  2.9
   3357    2350 /usr/bin/kubelet --bootstra  1.9
   2836    2350 /usr/local/bin/containerd    1.5
   4036    3628 etcd --advertise-client-url  1.4
==================================
      SYSTEM INFORMATION
==================================

----- Hostname & OS Info -----
Hostname: sufiyan-HP-Notebook
OS Information:
PRETTY_NAME="Ubuntu 24.04.4 LTS"

----- Uptime -----
System Uptime:
up 1 day, 21 hours, 42 minutes

----- Disk Usage -----
Top 5 Largest Files/Directories:
201M	./opt
108K	./snap

----- Memory Usage -----
Memory Usage:
               total        used        free      shared  buff/cache   available
Mem:            11Gi       4.0Gi       2.8Gi       515Mi       5.6Gi       7.6Gi
Swap:          4.0Gi          0B       4.0Gi

----- Top CPU Processes -----
Top 5 CPU-Consuming Processes:
    PID    PPID CMD                         %CPU
 484427  484418 ps -eo pid,ppid,cmd,%cpu --  300
   4029    3615 kube-apiserver --advertise-  3.2
   4126    3681 kube-apiserver --advertise-  2.9
   3357    2350 /usr/bin/kubelet --bootstra  1.9
   2836    2350 /usr/local/bin/containerd    1.5
==================================
      SYSTEM INFORMATION
==================================

----- Hostname & OS Info -----
Hostname: sufiyan-HP-Notebook
OS Information:
PRETTY_NAME="Ubuntu 24.04.4 LTS"

----- Uptime -----
System Uptime:
up 1 day, 21 hours, 43 minutes

----- Disk Usage -----
Top 5 Largest Files/Directories:
201M	./opt
108K	./snap

----- Memory Usage -----
Memory Usage:
               total        used        free      shared  buff/cache   available
Mem:            11Gi       4.0Gi       2.8Gi       515Mi       5.6Gi       7.6Gi
Swap:          4.0Gi          0B       4.0Gi

----- Top CPU Processes -----
Top 5 CPU-Consuming Processes:
    PID    PPID CMD                         %CPU
 485010  485001 ps -eo pid,ppid,cmd,%cpu --  200
   4029    3615 kube-apiserver --advertise-  3.2
   4126    3681 kube-apiserver --advertise-  2.9
   3357    2350 /usr/bin/kubelet --bootstra  1.9
   2836    2350 /usr/local/bin/containerd    1.5
==================================
      SYSTEM INFORMATION
==================================

----- Hostname & OS Info -----
Hostname: sufiyan-HP-Notebook
OS Information:
PRETTY_NAME="Ubuntu 24.04.4 LTS"

----- Uptime -----
System Uptime:
up 1 day, 21 hours, 44 minutes

----- Disk Usage -----
Top 5 Largest Files/Directories:
201M	./opt
108K	./snap

----- Memory Usage -----
Memory Usage:
               total        used        free      shared  buff/cache   available
Mem:            11Gi       4.0Gi       2.8Gi       515Mi       5.6Gi       7.6Gi
Swap:          4.0Gi          0B       4.0Gi

----- Top CPU Processes -----
Top 5 CPU-Consuming Processes:
    PID    PPID CMD                         %CPU
 485594  485585 ps -eo pid,ppid,cmd,%cpu --  600
   4029    3615 kube-apiserver --advertise-  3.2
   4126    3681 kube-apiserver --advertise-  2.9
   3357    2350 /usr/bin/kubelet --bootstra  1.9
   2836    2350 /usr/local/bin/containerd    1.5
==================================
      SYSTEM INFORMATION
==================================

----- Hostname & OS Info -----
Hostname: sufiyan-HP-Notebook
OS Information:
PRETTY_NAME="Ubuntu 24.04.4 LTS"

----- Uptime -----
System Uptime:
up 1 day, 21 hours, 45 minutes

----- Disk Usage -----
Top 5 Largest Files/Directories:
201M	./opt
108K	./snap

----- Memory Usage -----
Memory Usage:
               total        used        free      shared  buff/cache   available
Mem:            11Gi       4.0Gi       2.8Gi       515Mi       5.6Gi       7.6Gi
Swap:          4.0Gi          0B       4.0Gi

----- Top CPU Processes -----
Top 5 CPU-Consuming Processes:
    PID    PPID CMD                         %CPU
 486175  419177 /usr/sbin/CRON -f -P        16.6
   4029    3615 kube-apiserver --advertise-  3.2
   4126    3681 kube-apiserver --advertise-  2.9
   3357    2350 /usr/bin/kubelet --bootstra  1.9
   2836    2350 /usr/local/bin/containerd    1.5
==================================
      SYSTEM INFORMATION
==================================

----- Hostname & OS Info -----
Hostname: sufiyan-HP-Notebook
OS Information:
PRETTY_NAME="Ubuntu 24.04.4 LTS"

----- Uptime -----
System Uptime:
up 1 day, 21 hours, 46 minutes

----- Disk Usage -----
Top 5 Largest Files/Directories:
201M	./opt
108K	./snap

----- Memory Usage -----
Memory Usage:
               total        used        free      shared  buff/cache   available
Mem:            11Gi       4.0Gi       2.8Gi       515Mi       5.6Gi       7.5Gi
Swap:          4.0Gi          0B       4.0Gi

----- Top CPU Processes -----
Top 5 CPU-Consuming Processes:
    PID    PPID CMD                         %CPU
 486774  486764 ps -eo pid,ppid,cmd,%cpu --  600
   4029    3615 kube-apiserver --advertise-  3.2
   4126    3681 kube-apiserver --advertise-  2.9
   3357    2350 /usr/bin/kubelet --bootstra  1.9
   2836    2350 /usr/local/bin/containerd    1.5
==================================
      SYSTEM INFORMATION
==================================

----- Hostname & OS Info -----
Hostname: sufiyan-HP-Notebook
OS Information:
PRETTY_NAME="Ubuntu 24.04.4 LTS"

----- Uptime -----
System Uptime:
up 1 day, 21 hours, 47 minutes

----- Disk Usage -----
Top 5 Largest Files/Directories:
201M	./opt
108K	./snap

----- Memory Usage -----
Memory Usage:
               total        used        free      shared  buff/cache   available
Mem:            11Gi       4.0Gi       2.8Gi       515Mi       5.6Gi       7.6Gi
Swap:          4.0Gi          0B       4.0Gi

----- Top CPU Processes -----
Top 5 CPU-Consuming Processes:
    PID    PPID CMD                         %CPU
 487362  487353 ps -eo pid,ppid,cmd,%cpu --  500
   4029    3615 kube-apiserver --advertise-  3.2
   4126    3681 kube-apiserver --advertise-  2.9
   3357    2350 /usr/bin/kubelet --bootstra  1.9
   2836    2350 /usr/local/bin/containerd    1.5
==================================
      SYSTEM INFORMATION
==================================

----- Hostname & OS Info -----
Hostname: sufiyan-HP-Notebook
OS Information:
PRETTY_NAME="Ubuntu 24.04.4 LTS"

----- Uptime -----
System Uptime:
up 1 day, 21 hours, 48 minutes

----- Disk Usage -----
Top 5 Largest Files/Directories:
201M	./opt
108K	./snap

----- Memory Usage -----
Memory Usage:
               total        used        free      shared  buff/cache   available
Mem:            11Gi       4.0Gi       2.8Gi       515Mi       5.6Gi       7.5Gi
Swap:          4.0Gi          0B       4.0Gi

----- Top CPU Processes -----
Top 5 CPU-Consuming Processes:
    PID    PPID CMD                         %CPU
 487950  487941 ps -eo pid,ppid,cmd,%cpu --  600
   4029    3615 kube-apiserver --advertise-  3.2
   4126    3681 kube-apiserver --advertise-  2.9
   3357    2350 /usr/bin/kubelet --bootstra  1.9
   2836    2350 /usr/local/bin/containerd    1.5
==================================
      SYSTEM INFORMATION
==================================

----- Hostname & OS Info -----
Hostname: sufiyan-HP-Notebook
OS Information:
PRETTY_NAME="Ubuntu 24.04.4 LTS"

----- Uptime -----
System Uptime:
up 1 day, 21 hours, 49 minutes

----- Disk Usage -----
Top 5 Largest Files/Directories:
201M	./opt
108K	./snap

----- Memory Usage -----
Memory Usage:
               total        used        free      shared  buff/cache   available
Mem:            11Gi       4.0Gi       2.8Gi       515Mi       5.6Gi       7.5Gi
Swap:          4.0Gi          0B       4.0Gi

----- Top CPU Processes -----
Top 5 CPU-Consuming Processes:
    PID    PPID CMD                         %CPU
 488520  488511 ps -eo pid,ppid,cmd,%cpu --  400
   4029    3615 kube-apiserver --advertise-  3.2
   4126    3681 kube-apiserver --advertise-  2.9
   3357    2350 /usr/bin/kubelet --bootstra  1.9
   2836    2350 /usr/local/bin/containerd    1.5
==================================
      SYSTEM INFORMATION
==================================

----- Hostname & OS Info -----
Hostname: sufiyan-HP-Notebook
OS Information:
PRETTY_NAME="Ubuntu 24.04.4 LTS"

----- Uptime -----
System Uptime:
up 1 day, 21 hours, 50 minutes

----- Disk Usage -----
Top 5 Largest Files/Directories:
201M	./opt
108K	./snap

----- Memory Usage -----
Memory Usage:
               total        used        free      shared  buff/cache   available
Mem:            11Gi       4.0Gi       2.8Gi       515Mi       5.6Gi       7.6Gi
Swap:          4.0Gi          0B       4.0Gi

----- Top CPU Processes -----
Top 5 CPU-Consuming Processes:
    PID    PPID CMD                         %CPU
 489119  489110 ps -eo pid,ppid,cmd,%cpu --  500
   4029    3615 kube-apiserver --advertise-  3.2
   4126    3681 kube-apiserver --advertise-  2.9
   3357    2350 /usr/bin/kubelet --bootstra  1.9
   2836    2350 /usr/local/bin/containerd    1.5
==================================
      SYSTEM INFORMATION
==================================

----- Hostname & OS Info -----
Hostname: sufiyan-HP-Notebook
OS Information:
PRETTY_NAME="Ubuntu 24.04.4 LTS"

----- Uptime -----
System Uptime:
up 1 day, 21 hours, 51 minutes

----- Disk Usage -----
Top 5 Largest Files/Directories:
201M	./opt
108K	./snap

----- Memory Usage -----
Memory Usage:
               total        used        free      shared  buff/cache   available
Mem:            11Gi       4.0Gi       2.8Gi       515Mi       5.6Gi       7.6Gi
Swap:          4.0Gi          0B       4.0Gi

----- Top CPU Processes -----
Top 5 CPU-Consuming Processes:
    PID    PPID CMD                         %CPU
 489712  489703 ps -eo pid,ppid,cmd,%cpu --  200
 489701  419177 /usr/sbin/CRON -f -P        14.2
   4029    3615 kube-apiserver --advertise-  3.2
   4126    3681 kube-apiserver --advertise-  2.9
   3357    2350 /usr/bin/kubelet --bootstra  1.9
==================================
      SYSTEM INFORMATION
==================================

----- Hostname & OS Info -----
Hostname: sufiyan-HP-Notebook
OS Information:
PRETTY_NAME="Ubuntu 24.04.4 LTS"

----- Uptime -----
System Uptime:
up 1 day, 21 hours, 52 minutes

----- Disk Usage -----
Top 5 Largest Files/Directories:
201M	./opt
108K	./snap

----- Memory Usage -----
Memory Usage:
               total        used        free      shared  buff/cache   available
Mem:            11Gi       4.0Gi       2.8Gi       515Mi       5.6Gi       7.5Gi
Swap:          4.0Gi          0B       4.0Gi

----- Top CPU Processes -----
Top 5 CPU-Consuming Processes:
    PID    PPID CMD                         %CPU
 490345  490336 ps -eo pid,ppid,cmd,%cpu --  600
 490336  490335 /bin/bash /home/sufiyan/Dev 20.0
   4029    3615 kube-apiserver --advertise-  3.2
   4126    3681 kube-apiserver --advertise-  2.9
   3357    2350 /usr/bin/kubelet --bootstra  1.9
==================================
      SYSTEM INFORMATION
==================================

----- Hostname & OS Info -----
Hostname: sufiyan-HP-Notebook
OS Information:
PRETTY_NAME="Ubuntu 24.04.4 LTS"

----- Uptime -----
System Uptime:
up 1 day, 21 hours, 53 minutes

----- Disk Usage -----
Top 5 Largest Files/Directories:
201M	./opt
108K	./snap

----- Memory Usage -----
Memory Usage:
               total        used        free      shared  buff/cache   available
Mem:            11Gi       4.0Gi       2.8Gi       515Mi       5.6Gi       7.6Gi
Swap:          4.0Gi          0B       4.0Gi

----- Top CPU Processes -----
Top 5 CPU-Consuming Processes:
    PID    PPID CMD                         %CPU
 490942  490933 ps -eo pid,ppid,cmd,%cpu --  300
   4029    3615 kube-apiserver --advertise-  3.2
   4126    3681 kube-apiserver --advertise-  2.9
   3357    2350 /usr/bin/kubelet --bootstra  1.9
   2836    2350 /usr/local/bin/containerd    1.5
==================================
      SYSTEM INFORMATION
==================================

----- Hostname & OS Info -----
Hostname: sufiyan-HP-Notebook
OS Information:
PRETTY_NAME="Ubuntu 24.04.4 LTS"

----- Uptime -----
System Uptime:
up 1 day, 21 hours, 54 minutes

----- Disk Usage -----
Top 5 Largest Files/Directories:
201M	./opt
108K	./snap

----- Memory Usage -----
Memory Usage:
               total        used        free      shared  buff/cache   available
Mem:            11Gi       4.0Gi       2.8Gi       515Mi       5.6Gi       7.6Gi
Swap:          4.0Gi          0B       4.0Gi

----- Top CPU Processes -----
Top 5 CPU-Consuming Processes:
    PID    PPID CMD                         %CPU
 491530  491521 ps -eo pid,ppid,cmd,%cpu --  400
   4029    3615 kube-apiserver --advertise-  3.2
   4126    3681 kube-apiserver --advertise-  2.9
   3357    2350 /usr/bin/kubelet --bootstra  1.9
   2836    2350 /usr/local/bin/containerd    1.5
==================================
      SYSTEM INFORMATION
==================================

----- Hostname & OS Info -----
Hostname: sufiyan-HP-Notebook
OS Information:
PRETTY_NAME="Ubuntu 24.04.4 LTS"

----- Uptime -----
System Uptime:
up 1 day, 21 hours, 55 minutes

----- Disk Usage -----
Top 5 Largest Files/Directories:
201M	./opt
108K	./snap

----- Memory Usage -----
Memory Usage:
               total        used        free      shared  buff/cache   available
Mem:            11Gi       4.0Gi       2.8Gi       515Mi       5.6Gi       7.5Gi
Swap:          4.0Gi          0B       4.0Gi

----- Top CPU Processes -----
Top 5 CPU-Consuming Processes:
    PID    PPID CMD                         %CPU
 492118  492109 ps -eo pid,ppid,cmd,%cpu --  400
   4029    3615 kube-apiserver --advertise-  3.2
   4126    3681 kube-apiserver --advertise-  2.9
   3357    2350 /usr/bin/kubelet --bootstra  1.9
   2836    2350 /usr/local/bin/containerd    1.5
==================================
      SYSTEM INFORMATION
==================================

----- Hostname & OS Info -----
Hostname: sufiyan-HP-Notebook
OS Information:
PRETTY_NAME="Ubuntu 24.04.4 LTS"

----- Uptime -----
System Uptime:
up 1 day, 21 hours, 56 minutes

----- Disk Usage -----
Top 5 Largest Files/Directories:
201M	./opt
108K	./snap

----- Memory Usage -----
Memory Usage:
               total        used        free      shared  buff/cache   available
Mem:            11Gi       4.0Gi       2.8Gi       515Mi       5.6Gi       7.5Gi
Swap:          4.0Gi          0B       4.0Gi

----- Top CPU Processes -----
Top 5 CPU-Consuming Processes:
    PID    PPID CMD                         %CPU
 492720  492710 ps -eo pid,ppid,cmd,%cpu --  500
 492707  419177 /usr/sbin/CRON -f -P        12.5
   4029    3615 kube-apiserver --advertise-  3.2
   4126    3681 kube-apiserver --advertise-  2.9
   3357    2350 /usr/bin/kubelet --bootstra  1.9
==================================
      SYSTEM INFORMATION
==================================

----- Hostname & OS Info -----
Hostname: sufiyan-HP-Notebook
OS Information:
PRETTY_NAME="Ubuntu 24.04.4 LTS"

----- Uptime -----
System Uptime:
up 1 day, 21 hours, 57 minutes

----- Disk Usage -----
Top 5 Largest Files/Directories:
201M	./opt
108K	./snap

----- Memory Usage -----
Memory Usage:
               total        used        free      shared  buff/cache   available
Mem:            11Gi       4.0Gi       2.8Gi       515Mi       5.6Gi       7.5Gi
Swap:          4.0Gi          0B       4.0Gi

----- Top CPU Processes -----
Top 5 CPU-Consuming Processes:
    PID    PPID CMD                         %CPU
   4029    3615 kube-apiserver --advertise-  3.3
   4126    3681 kube-apiserver --advertise-  2.9
   3357    2350 /usr/bin/kubelet --bootstra  1.9
   2836    2350 /usr/local/bin/containerd    1.5
   4036    3628 etcd --advertise-client-url  1.4
==================================
      SYSTEM INFORMATION
==================================

----- Hostname & OS Info -----
Hostname: sufiyan-HP-Notebook
OS Information:
PRETTY_NAME="Ubuntu 24.04.4 LTS"

----- Uptime -----
System Uptime:
up 1 day, 21 hours, 58 minutes

----- Disk Usage -----
Top 5 Largest Files/Directories:
201M	./opt
108K	./snap

----- Memory Usage -----
Memory Usage:
               total        used        free      shared  buff/cache   available
Mem:            11Gi       4.0Gi       2.8Gi       515Mi       5.6Gi       7.5Gi
Swap:          4.0Gi          0B       4.0Gi

----- Top CPU Processes -----
Top 5 CPU-Consuming Processes:
    PID    PPID CMD                         %CPU
   4029    3615 kube-apiserver --advertise-  3.3
   4126    3681 kube-apiserver --advertise-  2.9
   3357    2350 /usr/bin/kubelet --bootstra  1.9
   2836    2350 /usr/local/bin/containerd    1.5
   4036    3628 etcd --advertise-client-url  1.4
==================================
      SYSTEM INFORMATION
==================================

----- Hostname & OS Info -----
Hostname: sufiyan-HP-Notebook
OS Information:
PRETTY_NAME="Ubuntu 24.04.4 LTS"

----- Uptime -----
System Uptime:
up 1 day, 21 hours, 59 minutes

----- Disk Usage -----
Top 5 Largest Files/Directories:
201M	./opt
108K	./snap

----- Memory Usage -----
Memory Usage:
               total        used        free      shared  buff/cache   available
Mem:            11Gi       4.0Gi       2.8Gi       515Mi       5.6Gi       7.6Gi
Swap:          4.0Gi          0B       4.0Gi

----- Top CPU Processes -----
Top 5 CPU-Consuming Processes:
    PID    PPID CMD                         %CPU
 494475  494466 ps -eo pid,ppid,cmd,%cpu --  500
   4029    3615 kube-apiserver --advertise-  3.3
   4126    3681 kube-apiserver --advertise-  2.9
   3357    2350 /usr/bin/kubelet --bootstra  1.9
   2836    2350 /usr/local/bin/containerd    1.5
==================================
      SYSTEM INFORMATION
==================================

----- Hostname & OS Info -----
Hostname: sufiyan-HP-Notebook
OS Information:
PRETTY_NAME="Ubuntu 24.04.4 LTS"

----- Uptime -----
System Uptime:
up 1 day, 22 hours, 0 minutes

----- Disk Usage -----
Top 5 Largest Files/Directories:
201M	./opt
108K	./snap

----- Memory Usage -----
Memory Usage:
               total        used        free      shared  buff/cache   available
Mem:            11Gi       4.0Gi       2.8Gi       515Mi       5.6Gi       7.6Gi
Swap:          4.0Gi          0B       4.0Gi

----- Top CPU Processes -----
Top 5 CPU-Consuming Processes:
    PID    PPID CMD                         %CPU
 495053  495044 ps -eo pid,ppid,cmd,%cpu --  500
   4029    3615 kube-apiserver --advertise-  3.3
   4126    3681 kube-apiserver --advertise-  2.9
   3357    2350 /usr/bin/kubelet --bootstra  2.0
   2836    2350 /usr/local/bin/containerd    1.5
==================================
      SYSTEM INFORMATION
==================================

----- Hostname & OS Info -----
Hostname: sufiyan-HP-Notebook
OS Information:
PRETTY_NAME="Ubuntu 24.04.4 LTS"

----- Uptime -----
System Uptime:
up 1 day, 22 hours, 1 minute

----- Disk Usage -----
Top 5 Largest Files/Directories:
201M	./opt
108K	./snap

----- Memory Usage -----
Memory Usage:
               total        used        free      shared  buff/cache   available
Mem:            11Gi       4.0Gi       2.8Gi       515Mi       5.6Gi       7.5Gi
Swap:          4.0Gi          0B       4.0Gi

----- Top CPU Processes -----
Top 5 CPU-Consuming Processes:
    PID    PPID CMD                         %CPU
 495642  495633 ps -eo pid,ppid,cmd,%cpu --  400
 495633  495632 /bin/bash /home/sufiyan/Dev 16.6
 495631  419177 /usr/sbin/CRON -f -P        12.5
   4029    3615 kube-apiserver --advertise-  3.3
   4126    3681 kube-apiserver --advertise-  2.9
==================================
      SYSTEM INFORMATION
==================================

----- Hostname & OS Info -----
Hostname: sufiyan-HP-Notebook
OS Information:
PRETTY_NAME="Ubuntu 24.04.4 LTS"

----- Uptime -----
System Uptime:
up 1 day, 22 hours, 2 minutes

----- Disk Usage -----
Top 5 Largest Files/Directories:
201M	./opt
108K	./snap

----- Memory Usage -----
Memory Usage:
               total        used        free      shared  buff/cache   available
Mem:            11Gi       4.0Gi       2.8Gi       515Mi       5.6Gi       7.5Gi
Swap:          4.0Gi          0B       4.0Gi

----- Top CPU Processes -----
Top 5 CPU-Consuming Processes:
    PID    PPID CMD                         %CPU
   4029    3615 kube-apiserver --advertise-  3.3
   4126    3681 kube-apiserver --advertise-  2.9
   3357    2350 /usr/bin/kubelet --bootstra  2.0
   2836    2350 /usr/local/bin/containerd    1.5
   4036    3628 etcd --advertise-client-url  1.4
==================================
      SYSTEM INFORMATION
==================================

----- Hostname & OS Info -----
Hostname: sufiyan-HP-Notebook
OS Information:
PRETTY_NAME="Ubuntu 24.04.4 LTS"

----- Uptime -----
System Uptime:
up 1 day, 22 hours, 3 minutes

----- Disk Usage -----
Top 5 Largest Files/Directories:
201M	./opt
108K	./snap

----- Memory Usage -----
Memory Usage:
               total        used        free      shared  buff/cache   available
Mem:            11Gi       4.0Gi       2.8Gi       515Mi       5.6Gi       7.6Gi
Swap:          4.0Gi          0B       4.0Gi

----- Top CPU Processes -----
Top 5 CPU-Consuming Processes:
    PID    PPID CMD                         %CPU
 496794  496785 ps -eo pid,ppid,cmd,%cpu --  400
   4029    3615 kube-apiserver --advertise-  3.3
   4126    3681 kube-apiserver --advertise-  2.9
   3357    2350 /usr/bin/kubelet --bootstra  2.0
   2836    2350 /usr/local/bin/containerd    1.5
==================================
      SYSTEM INFORMATION
==================================

----- Hostname & OS Info -----
Hostname: sufiyan-HP-Notebook
OS Information:
PRETTY_NAME="Ubuntu 24.04.4 LTS"

----- Uptime -----
System Uptime:
up 1 day, 22 hours, 4 minutes

----- Disk Usage -----
Top 5 Largest Files/Directories:
201M	./opt
108K	./snap

----- Memory Usage -----
Memory Usage:
               total        used        free      shared  buff/cache   available
Mem:            11Gi       4.0Gi       2.8Gi       515Mi       5.6Gi       7.5Gi
Swap:          4.0Gi          0B       4.0Gi

----- Top CPU Processes -----
Top 5 CPU-Consuming Processes:
    PID    PPID CMD                         %CPU
   4029    3615 kube-apiserver --advertise-  3.3
   4126    3681 kube-apiserver --advertise-  2.9
   3357    2350 /usr/bin/kubelet --bootstra  2.0
   2836    2350 /usr/local/bin/containerd    1.5
   4036    3628 etcd --advertise-client-url  1.4
==================================
      SYSTEM INFORMATION
==================================

----- Hostname & OS Info -----
Hostname: sufiyan-HP-Notebook
OS Information:
PRETTY_NAME="Ubuntu 24.04.4 LTS"

----- Uptime -----
System Uptime:
up 1 day, 22 hours, 5 minutes

----- Disk Usage -----
Top 5 Largest Files/Directories:
201M	./opt
108K	./snap

----- Memory Usage -----
Memory Usage:
               total        used        free      shared  buff/cache   available
Mem:            11Gi       4.0Gi       2.8Gi       515Mi       5.6Gi       7.5Gi
Swap:          4.0Gi          0B       4.0Gi

----- Top CPU Processes -----
Top 5 CPU-Consuming Processes:
    PID    PPID CMD                         %CPU
   4029    3615 kube-apiserver --advertise-  3.3
   4126    3681 kube-apiserver --advertise-  2.9
   3357    2350 /usr/bin/kubelet --bootstra  2.0
   2836    2350 /usr/local/bin/containerd    1.5
   4036    3628 etcd --advertise-client-url  1.4
==================================
      SYSTEM INFORMATION
==================================

----- Hostname & OS Info -----
Hostname: sufiyan-HP-Notebook
OS Information:
PRETTY_NAME="Ubuntu 24.04.4 LTS"

----- Uptime -----
System Uptime:
up 1 day, 22 hours, 6 minutes

----- Disk Usage -----
Top 5 Largest Files/Directories:
201M	./opt
108K	./snap

----- Memory Usage -----
Memory Usage:
               total        used        free      shared  buff/cache   available
Mem:            11Gi       4.0Gi       2.8Gi       515Mi       5.6Gi       7.6Gi
Swap:          4.0Gi          0B       4.0Gi

----- Top CPU Processes -----
Top 5 CPU-Consuming Processes:
    PID    PPID CMD                         %CPU
 498565  498555 ps -eo pid,ppid,cmd,%cpu --  500
   4029    3615 kube-apiserver --advertise-  3.3
   4126    3681 kube-apiserver --advertise-  2.9
   3357    2350 /usr/bin/kubelet --bootstra  2.0
   2836    2350 /usr/local/bin/containerd    1.5
==================================
      SYSTEM INFORMATION
==================================

----- Hostname & OS Info -----
Hostname: sufiyan-HP-Notebook
OS Information:
PRETTY_NAME="Ubuntu 24.04.4 LTS"

----- Uptime -----
System Uptime:
up 1 day, 22 hours, 7 minutes

----- Disk Usage -----
Top 5 Largest Files/Directories:
201M	./opt
108K	./snap

----- Memory Usage -----
Memory Usage:
               total        used        free      shared  buff/cache   available
Mem:            11Gi       4.0Gi       2.8Gi       515Mi       5.6Gi       7.5Gi
Swap:          4.0Gi          0B       4.0Gi

----- Top CPU Processes -----
Top 5 CPU-Consuming Processes:
    PID    PPID CMD                         %CPU
 499146  499145 /bin/bash /home/sufiyan/Dev 25.0
   4029    3615 kube-apiserver --advertise-  3.3
   4126    3681 kube-apiserver --advertise-  2.9
   3357    2350 /usr/bin/kubelet --bootstra  2.0
   2836    2350 /usr/local/bin/containerd    1.5
==================================
      SYSTEM INFORMATION
==================================

----- Hostname & OS Info -----
Hostname: sufiyan-HP-Notebook
OS Information:
PRETTY_NAME="Ubuntu 24.04.4 LTS"

----- Uptime -----
System Uptime:
up 1 day, 22 hours, 8 minutes

----- Disk Usage -----
Top 5 Largest Files/Directories:
201M	./opt
108K	./snap

----- Memory Usage -----
Memory Usage:
               total        used        free      shared  buff/cache   available
Mem:            11Gi       4.0Gi       2.8Gi       515Mi       5.6Gi       7.6Gi
Swap:          4.0Gi          0B       4.0Gi

----- Top CPU Processes -----
Top 5 CPU-Consuming Processes:
    PID    PPID CMD                         %CPU
 499739  499729 ps -eo pid,ppid,cmd,%cpu --  500
   4029    3615 kube-apiserver --advertise-  3.3
   4126    3681 kube-apiserver --advertise-  3.0
   3357    2350 /usr/bin/kubelet --bootstra  2.0
   2836    2350 /usr/local/bin/containerd    1.5
==================================
      SYSTEM INFORMATION
==================================

----- Hostname & OS Info -----
Hostname: sufiyan-HP-Notebook
OS Information:
PRETTY_NAME="Ubuntu 24.04.4 LTS"

----- Uptime -----
System Uptime:
up 1 day, 22 hours, 9 minutes

----- Disk Usage -----
Top 5 Largest Files/Directories:
201M	./opt
108K	./snap

----- Memory Usage -----
Memory Usage:
               total        used        free      shared  buff/cache   available
Mem:            11Gi       4.0Gi       2.8Gi       515Mi       5.6Gi       7.5Gi
Swap:          4.0Gi          0B       4.0Gi

----- Top CPU Processes -----
Top 5 CPU-Consuming Processes:
    PID    PPID CMD                         %CPU
 500325  500316 ps -eo pid,ppid,cmd,%cpu --  200
   4029    3615 kube-apiserver --advertise-  3.3
   4126    3681 kube-apiserver --advertise-  3.0
   3357    2350 /usr/bin/kubelet --bootstra  2.0
   2836    2350 /usr/local/bin/containerd    1.5
==================================
      SYSTEM INFORMATION
==================================

----- Hostname & OS Info -----
Hostname: sufiyan-HP-Notebook
OS Information:
PRETTY_NAME="Ubuntu 24.04.4 LTS"

----- Uptime -----
System Uptime:
up 1 day, 22 hours, 10 minutes

----- Disk Usage -----
Top 5 Largest Files/Directories:
201M	./opt
108K	./snap

----- Memory Usage -----
Memory Usage:
               total        used        free      shared  buff/cache   available
Mem:            11Gi       4.0Gi       2.8Gi       515Mi       5.6Gi       7.5Gi
Swap:          4.0Gi          0B       4.0Gi

----- Top CPU Processes -----
Top 5 CPU-Consuming Processes:
    PID    PPID CMD                         %CPU
 500909  500900 ps -eo pid,ppid,cmd,%cpu --  400
 500898  419177 /usr/sbin/CRON -f -P        12.5
   4029    3615 kube-apiserver --advertise-  3.3
   4126    3681 kube-apiserver --advertise-  3.0
   3357    2350 /usr/bin/kubelet --bootstra  2.0
==================================
      SYSTEM INFORMATION
==================================

----- Hostname & OS Info -----
Hostname: sufiyan-HP-Notebook
OS Information:
PRETTY_NAME="Ubuntu 24.04.4 LTS"

----- Uptime -----
System Uptime:
up 1 day, 22 hours, 11 minutes

----- Disk Usage -----
Top 5 Largest Files/Directories:
201M	./opt
108K	./snap

----- Memory Usage -----
Memory Usage:
               total        used        free      shared  buff/cache   available
Mem:            11Gi       4.0Gi       2.8Gi       515Mi       5.6Gi       7.5Gi
Swap:          4.0Gi          0B       4.0Gi

----- Top CPU Processes -----
Top 5 CPU-Consuming Processes:
    PID    PPID CMD                         %CPU
 501482  501473 ps -eo pid,ppid,cmd,%cpu --  500
 501471  419177 /usr/sbin/CRON -f -P        14.2
   4029    3615 kube-apiserver --advertise-  3.3
   4126    3681 kube-apiserver --advertise-  3.0
   3357    2350 /usr/bin/kubelet --bootstra  2.0
==================================
      SYSTEM INFORMATION
==================================

----- Hostname & OS Info -----
Hostname: sufiyan-HP-Notebook
OS Information:
PRETTY_NAME="Ubuntu 24.04.4 LTS"

----- Uptime -----
System Uptime:
up 1 day, 22 hours, 12 minutes

----- Disk Usage -----
Top 5 Largest Files/Directories:
201M	./opt
108K	./snap

----- Memory Usage -----
Memory Usage:
               total        used        free      shared  buff/cache   available
Mem:            11Gi       4.0Gi       2.8Gi       515Mi       5.6Gi       7.6Gi
Swap:          4.0Gi          0B       4.0Gi

----- Top CPU Processes -----
Top 5 CPU-Consuming Processes:
    PID    PPID CMD                         %CPU
 502074  502064 ps -eo pid,ppid,cmd,%cpu --  300
   4029    3615 kube-apiserver --advertise-  3.3
   4126    3681 kube-apiserver --advertise-  3.0
   3357    2350 /usr/bin/kubelet --bootstra  2.0
   2836    2350 /usr/local/bin/containerd    1.5
==================================
      SYSTEM INFORMATION
==================================

----- Hostname & OS Info -----
Hostname: sufiyan-HP-Notebook
OS Information:
PRETTY_NAME="Ubuntu 24.04.4 LTS"

----- Uptime -----
System Uptime:
up 1 day, 22 hours, 13 minutes

----- Disk Usage -----
Top 5 Largest Files/Directories:
201M	./opt
108K	./snap

----- Memory Usage -----
Memory Usage:
               total        used        free      shared  buff/cache   available
Mem:            11Gi       4.0Gi       2.8Gi       515Mi       5.6Gi       7.5Gi
Swap:          4.0Gi          0B       4.0Gi

----- Top CPU Processes -----
Top 5 CPU-Consuming Processes:
    PID    PPID CMD                         %CPU
 502650  502641 ps -eo pid,ppid,cmd,%cpu --  200
   4029    3615 kube-apiserver --advertise-  3.3
   4126    3681 kube-apiserver --advertise-  3.0
   3357    2350 /usr/bin/kubelet --bootstra  2.0
   2836    2350 /usr/local/bin/containerd    1.5
==================================
      SYSTEM INFORMATION
==================================

----- Hostname & OS Info -----
Hostname: sufiyan-HP-Notebook
OS Information:
PRETTY_NAME="Ubuntu 24.04.4 LTS"

----- Uptime -----
System Uptime:
up 1 day, 22 hours, 14 minutes

----- Disk Usage -----
Top 5 Largest Files/Directories:
201M	./opt
108K	./snap

----- Memory Usage -----
Memory Usage:
               total        used        free      shared  buff/cache   available
Mem:            11Gi       4.0Gi       2.8Gi       515Mi       5.6Gi       7.5Gi
Swap:          4.0Gi          0B       4.0Gi

----- Top CPU Processes -----
Top 5 CPU-Consuming Processes:
    PID    PPID CMD                         %CPU
 503249  503240 ps -eo pid,ppid,cmd,%cpu --  500
 503238  419177 /usr/sbin/CRON -f -P        14.2
   4029    3615 kube-apiserver --advertise-  3.3
   4126    3681 kube-apiserver --advertise-  3.0
   3357    2350 /usr/bin/kubelet --bootstra  2.0
==================================
      SYSTEM INFORMATION
==================================

----- Hostname & OS Info -----
Hostname: sufiyan-HP-Notebook
OS Information:
PRETTY_NAME="Ubuntu 24.04.4 LTS"

----- Uptime -----
System Uptime:
up 1 day, 22 hours, 15 minutes

----- Disk Usage -----
Top 5 Largest Files/Directories:
201M	./opt
108K	./snap

----- Memory Usage -----
Memory Usage:
               total        used        free      shared  buff/cache   available
Mem:            11Gi       4.0Gi       2.8Gi       516Mi       5.6Gi       7.5Gi
Swap:          4.0Gi          0B       4.0Gi

----- Top CPU Processes -----
Top 5 CPU-Consuming Processes:
    PID    PPID CMD                         %CPU
 503841  503832 ps -eo pid,ppid,cmd,%cpu --  400
   4029    3615 kube-apiserver --advertise-  3.3
   4126    3681 kube-apiserver --advertise-  3.0
   3357    2350 /usr/bin/kubelet --bootstra  2.0
   2836    2350 /usr/local/bin/containerd    1.5
==================================
      SYSTEM INFORMATION
==================================

----- Hostname & OS Info -----
Hostname: sufiyan-HP-Notebook
OS Information:
PRETTY_NAME="Ubuntu 24.04.4 LTS"

----- Uptime -----
System Uptime:
up 1 day, 22 hours, 16 minutes

----- Disk Usage -----
Top 5 Largest Files/Directories:
201M	./opt
108K	./snap

----- Memory Usage -----
Memory Usage:
               total        used        free      shared  buff/cache   available
Mem:            11Gi       4.0Gi       2.8Gi       516Mi       5.6Gi       7.5Gi
Swap:          4.0Gi          0B       4.0Gi

----- Top CPU Processes -----
Top 5 CPU-Consuming Processes:
    PID    PPID CMD                         %CPU
 504417  504407 ps -eo pid,ppid,cmd,%cpu --  500
 504407  504405 /bin/bash /home/sufiyan/Dev 20.0
   4029    3615 kube-apiserver --advertise-  3.3
   4126    3681 kube-apiserver --advertise-  3.0
   3357    2350 /usr/bin/kubelet --bootstra  2.0
==================================
      SYSTEM INFORMATION
==================================

----- Hostname & OS Info -----
Hostname: sufiyan-HP-Notebook
OS Information:
PRETTY_NAME="Ubuntu 24.04.4 LTS"

----- Uptime -----
System Uptime:
up 1 day, 22 hours, 17 minutes

----- Disk Usage -----
Top 5 Largest Files/Directories:
201M	./opt
108K	./snap

----- Memory Usage -----
Memory Usage:
               total        used        free      shared  buff/cache   available
Mem:            11Gi       4.0Gi       2.8Gi       516Mi       5.6Gi       7.5Gi
Swap:          4.0Gi          0B       4.0Gi

----- Top CPU Processes -----
Top 5 CPU-Consuming Processes:
    PID    PPID CMD                         %CPU
   4029    3615 kube-apiserver --advertise-  3.3
   4126    3681 kube-apiserver --advertise-  3.0
   3357    2350 /usr/bin/kubelet --bootstra  2.0
   2836    2350 /usr/local/bin/containerd    1.5
   4036    3628 etcd --advertise-client-url  1.4
==================================
      SYSTEM INFORMATION
==================================

----- Hostname & OS Info -----
Hostname: sufiyan-HP-Notebook
OS Information:
PRETTY_NAME="Ubuntu 24.04.4 LTS"

----- Uptime -----
System Uptime:
up 1 day, 22 hours, 18 minutes

----- Disk Usage -----
Top 5 Largest Files/Directories:
201M	./opt
108K	./snap

----- Memory Usage -----
Memory Usage:
               total        used        free      shared  buff/cache   available
Mem:            11Gi       4.0Gi       2.8Gi       516Mi       5.6Gi       7.6Gi
Swap:          4.0Gi          0B       4.0Gi

----- Top CPU Processes -----
Top 5 CPU-Consuming Processes:
    PID    PPID CMD                         %CPU
 505604  505595 ps -eo pid,ppid,cmd,%cpu --  400
   4029    3615 kube-apiserver --advertise-  3.3
   4126    3681 kube-apiserver --advertise-  3.0
   3357    2350 /usr/bin/kubelet --bootstra  2.0
   2836    2350 /usr/local/bin/containerd    1.5
==================================
      SYSTEM INFORMATION
==================================

----- Hostname & OS Info -----
Hostname: sufiyan-HP-Notebook
OS Information:
PRETTY_NAME="Ubuntu 24.04.4 LTS"

----- Uptime -----
System Uptime:
up 1 day, 22 hours, 19 minutes

----- Disk Usage -----
Top 5 Largest Files/Directories:
201M	./opt
108K	./snap

----- Memory Usage -----
Memory Usage:
               total        used        free      shared  buff/cache   available
Mem:            11Gi       4.0Gi       2.8Gi       516Mi       5.6Gi       7.6Gi
Swap:          4.0Gi          0B       4.0Gi

----- Top CPU Processes -----
Top 5 CPU-Consuming Processes:
    PID    PPID CMD                         %CPU
 506170  506161 ps -eo pid,ppid,cmd,%cpu --  500
 506159  419177 /usr/sbin/CRON -f -P        14.2
   4029    3615 kube-apiserver --advertise-  3.3
   4126    3681 kube-apiserver --advertise-  3.0
   3357    2350 /usr/bin/kubelet --bootstra  2.0
==================================
      SYSTEM INFORMATION
==================================

----- Hostname & OS Info -----
Hostname: sufiyan-HP-Notebook
OS Information:
PRETTY_NAME="Ubuntu 24.04.4 LTS"

----- Uptime -----
System Uptime:
up 1 day, 22 hours, 20 minutes

----- Disk Usage -----
Top 5 Largest Files/Directories:
201M	./opt
108K	./snap

----- Memory Usage -----
Memory Usage:
               total        used        free      shared  buff/cache   available
Mem:            11Gi       4.0Gi       2.8Gi       516Mi       5.6Gi       7.6Gi
Swap:          4.0Gi          0B       4.0Gi

----- Top CPU Processes -----
Top 5 CPU-Consuming Processes:
    PID    PPID CMD                         %CPU
   4029    3615 kube-apiserver --advertise-  3.3
   4126    3681 kube-apiserver --advertise-  3.0
   3357    2350 /usr/bin/kubelet --bootstra  2.0
   2836    2350 /usr/local/bin/containerd    1.5
   4036    3628 etcd --advertise-client-url  1.4
==================================
      SYSTEM INFORMATION
==================================

----- Hostname & OS Info -----
Hostname: sufiyan-HP-Notebook
OS Information:
PRETTY_NAME="Ubuntu 24.04.4 LTS"

----- Uptime -----
System Uptime:
up 1 day, 22 hours, 21 minutes

----- Disk Usage -----
Top 5 Largest Files/Directories:
201M	./opt
108K	./snap

----- Memory Usage -----
Memory Usage:
               total        used        free      shared  buff/cache   available
Mem:            11Gi       4.0Gi       2.8Gi       516Mi       5.6Gi       7.6Gi
Swap:          4.0Gi          0B       4.0Gi

----- Top CPU Processes -----
Top 5 CPU-Consuming Processes:
    PID    PPID CMD                         %CPU
 507360  507351 ps -eo pid,ppid,cmd,%cpu --  500
   4029    3615 kube-apiserver --advertise-  3.3
   4126    3681 kube-apiserver --advertise-  3.0
   3357    2350 /usr/bin/kubelet --bootstra  2.0
   2836    2350 /usr/local/bin/containerd    1.5
==================================
      SYSTEM INFORMATION
==================================

----- Hostname & OS Info -----
Hostname: sufiyan-HP-Notebook
OS Information:
PRETTY_NAME="Ubuntu 24.04.4 LTS"

----- Uptime -----
System Uptime:
up 1 day, 22 hours, 22 minutes

----- Disk Usage -----
Top 5 Largest Files/Directories:
201M	./opt
108K	./snap

----- Memory Usage -----
Memory Usage:
               total        used        free      shared  buff/cache   available
Mem:            11Gi       4.0Gi       2.8Gi       516Mi       5.6Gi       7.6Gi
Swap:          4.0Gi          0B       4.0Gi

----- Top CPU Processes -----
Top 5 CPU-Consuming Processes:
    PID    PPID CMD                         %CPU
 507939  507930 ps -eo pid,ppid,cmd,%cpu --  500
   4029    3615 kube-apiserver --advertise-  3.3
   4126    3681 kube-apiserver --advertise-  3.0
   3357    2350 /usr/bin/kubelet --bootstra  2.0
   2836    2350 /usr/local/bin/containerd    1.5
==================================
      SYSTEM INFORMATION
==================================

----- Hostname & OS Info -----
Hostname: sufiyan-HP-Notebook
OS Information:
PRETTY_NAME="Ubuntu 24.04.4 LTS"

----- Uptime -----
System Uptime:
up 1 day, 22 hours, 23 minutes

----- Disk Usage -----
Top 5 Largest Files/Directories:
201M	./opt
108K	./snap

----- Memory Usage -----
Memory Usage:
               total        used        free      shared  buff/cache   available
Mem:            11Gi       4.0Gi       2.8Gi       515Mi       5.6Gi       7.6Gi
Swap:          4.0Gi          0B       4.0Gi

----- Top CPU Processes -----
Top 5 CPU-Consuming Processes:
    PID    PPID CMD                         %CPU
 508551  508542 ps -eo pid,ppid,cmd,%cpu --  900
   4029    3615 kube-apiserver --advertise-  3.3
   4126    3681 kube-apiserver --advertise-  3.0
   3357    2350 /usr/bin/kubelet --bootstra  2.0
   2836    2350 /usr/local/bin/containerd    1.5
==================================
      SYSTEM INFORMATION
==================================

----- Hostname & OS Info -----
Hostname: sufiyan-HP-Notebook
OS Information:
PRETTY_NAME="Ubuntu 24.04.4 LTS"

----- Uptime -----
System Uptime:
up 1 day, 22 hours, 24 minutes

----- Disk Usage -----
Top 5 Largest Files/Directories:
201M	./opt
108K	./snap

----- Memory Usage -----
Memory Usage:
               total        used        free      shared  buff/cache   available
Mem:            11Gi       4.0Gi       2.8Gi       515Mi       5.6Gi       7.5Gi
Swap:          4.0Gi          0B       4.0Gi

----- Top CPU Processes -----
Top 5 CPU-Consuming Processes:
    PID    PPID CMD                         %CPU
 509125  509116 ps -eo pid,ppid,cmd,%cpu -- 1000
   4029    3615 kube-apiserver --advertise-  3.3
   4126    3681 kube-apiserver --advertise-  3.0
   3357    2350 /usr/bin/kubelet --bootstra  2.0
   2836    2350 /usr/local/bin/containerd    1.5
==================================
      SYSTEM INFORMATION
==================================

----- Hostname & OS Info -----
Hostname: sufiyan-HP-Notebook
OS Information:
PRETTY_NAME="Ubuntu 24.04.4 LTS"

----- Uptime -----
System Uptime:
up 1 day, 22 hours, 25 minutes

----- Disk Usage -----
Top 5 Largest Files/Directories:
201M	./opt
108K	./snap

----- Memory Usage -----
Memory Usage:
               total        used        free      shared  buff/cache   available
Mem:            11Gi       4.0Gi       2.8Gi       516Mi       5.6Gi       7.6Gi
Swap:          4.0Gi          0B       4.0Gi

----- Top CPU Processes -----
Top 5 CPU-Consuming Processes:
    PID    PPID CMD                         %CPU
 509700  509699 /bin/bash /home/sufiyan/Dev 25.0
   4029    3615 kube-apiserver --advertise-  3.3
   4126    3681 kube-apiserver --advertise-  3.0
   3357    2350 /usr/bin/kubelet --bootstra  2.0
   2836    2350 /usr/local/bin/containerd    1.5
==================================
      SYSTEM INFORMATION
==================================

----- Hostname & OS Info -----
Hostname: sufiyan-HP-Notebook
OS Information:
PRETTY_NAME="Ubuntu 24.04.4 LTS"

----- Uptime -----
System Uptime:
up 1 day, 22 hours, 26 minutes

----- Disk Usage -----
Top 5 Largest Files/Directories:
201M	./opt
108K	./snap

----- Memory Usage -----
Memory Usage:
               total        used        free      shared  buff/cache   available
Mem:            11Gi       4.0Gi       2.8Gi       516Mi       5.6Gi       7.6Gi
Swap:          4.0Gi          0B       4.0Gi

----- Top CPU Processes -----
Top 5 CPU-Consuming Processes:
    PID    PPID CMD                         %CPU
 510301  510299 /bin/bash /home/sufiyan/Dev 20.0
 510297  419177 /usr/sbin/CRON -f -P        11.1
   4029    3615 kube-apiserver --advertise-  3.3
   4126    3681 kube-apiserver --advertise-  3.0
   3357    2350 /usr/bin/kubelet --bootstra  2.0
==================================
      SYSTEM INFORMATION
==================================

----- Hostname & OS Info -----
Hostname: sufiyan-HP-Notebook
OS Information:
PRETTY_NAME="Ubuntu 24.04.4 LTS"

----- Uptime -----
System Uptime:
up 1 day, 22 hours, 27 minutes

----- Disk Usage -----
Top 5 Largest Files/Directories:
201M	./opt
108K	./snap

----- Memory Usage -----
Memory Usage:
               total        used        free      shared  buff/cache   available
Mem:            11Gi       4.0Gi       2.8Gi       516Mi       5.6Gi       7.6Gi
Swap:          4.0Gi          0B       4.0Gi

----- Top CPU Processes -----
Top 5 CPU-Consuming Processes:
    PID    PPID CMD                         %CPU
 510895  510886 ps -eo pid,ppid,cmd,%cpu --  700
   4029    3615 kube-apiserver --advertise-  3.3
   4126    3681 kube-apiserver --advertise-  3.0
   3357    2350 /usr/bin/kubelet --bootstra  2.0
   2836    2350 /usr/local/bin/containerd    1.5
==================================
      SYSTEM INFORMATION
==================================

----- Hostname & OS Info -----
Hostname: sufiyan-HP-Notebook
OS Information:
PRETTY_NAME="Ubuntu 24.04.4 LTS"

----- Uptime -----
System Uptime:
up 1 day, 22 hours, 28 minutes

----- Disk Usage -----
Top 5 Largest Files/Directories:
201M	./opt
108K	./snap

----- Memory Usage -----
Memory Usage:
               total        used        free      shared  buff/cache   available
Mem:            11Gi       4.0Gi       2.8Gi       516Mi       5.6Gi       7.6Gi
Swap:          4.0Gi          0B       4.0Gi

----- Top CPU Processes -----
Top 5 CPU-Consuming Processes:
    PID    PPID CMD                         %CPU
 511479  511470 ps -eo pid,ppid,cmd,%cpu --  800
   4029    3615 kube-apiserver --advertise-  3.3
   4126    3681 kube-apiserver --advertise-  3.0
   3357    2350 /usr/bin/kubelet --bootstra  2.0
   2836    2350 /usr/local/bin/containerd    1.5
==================================
      SYSTEM INFORMATION
==================================

----- Hostname & OS Info -----
Hostname: sufiyan-HP-Notebook
OS Information:
PRETTY_NAME="Ubuntu 24.04.4 LTS"

----- Uptime -----
System Uptime:
up 1 day, 22 hours, 29 minutes

----- Disk Usage -----
Top 5 Largest Files/Directories:
201M	./opt
108K	./snap

----- Memory Usage -----
Memory Usage:
               total        used        free      shared  buff/cache   available
Mem:            11Gi       4.0Gi       2.8Gi       516Mi       5.6Gi       7.6Gi
Swap:          4.0Gi          0B       4.0Gi

----- Top CPU Processes -----
Top 5 CPU-Consuming Processes:
    PID    PPID CMD                         %CPU
   4029    3615 kube-apiserver --advertise-  3.3
   4126    3681 kube-apiserver --advertise-  3.0
   3357    2350 /usr/bin/kubelet --bootstra  2.0
   2836    2350 /usr/local/bin/containerd    1.5
   4036    3628 etcd --advertise-client-url  1.5
==================================
      SYSTEM INFORMATION
==================================

----- Hostname & OS Info -----
Hostname: sufiyan-HP-Notebook
OS Information:
PRETTY_NAME="Ubuntu 24.04.4 LTS"

----- Uptime -----
System Uptime:
up 1 day, 22 hours, 30 minutes

----- Disk Usage -----
Top 5 Largest Files/Directories:
201M	./opt
108K	./snap

----- Memory Usage -----
Memory Usage:
               total        used        free      shared  buff/cache   available
Mem:            11Gi       4.0Gi       2.8Gi       516Mi       5.6Gi       7.6Gi
Swap:          4.0Gi          0B       4.0Gi

----- Top CPU Processes -----
Top 5 CPU-Consuming Processes:
    PID    PPID CMD                         %CPU
 512647  512638 ps -eo pid,ppid,cmd,%cpu --  900
   4029    3615 kube-apiserver --advertise-  3.3
   4126    3681 kube-apiserver --advertise-  3.0
   3357    2350 /usr/bin/kubelet --bootstra  2.0
   2836    2350 /usr/local/bin/containerd    1.5
==================================
      SYSTEM INFORMATION
==================================

----- Hostname & OS Info -----
Hostname: sufiyan-HP-Notebook
OS Information:
PRETTY_NAME="Ubuntu 24.04.4 LTS"

----- Uptime -----
System Uptime:
up 1 day, 22 hours, 31 minutes

----- Disk Usage -----
Top 5 Largest Files/Directories:
201M	./opt
108K	./snap

----- Memory Usage -----
Memory Usage:
               total        used        free      shared  buff/cache   available
Mem:            11Gi       4.0Gi       2.8Gi       516Mi       5.6Gi       7.5Gi
Swap:          4.0Gi          0B       4.0Gi

----- Top CPU Processes -----
Top 5 CPU-Consuming Processes:
    PID    PPID CMD                         %CPU
 513239  513230 ps -eo pid,ppid,cmd,%cpu -- 1000
 513230  513229 /bin/bash /home/sufiyan/Dev 16.6
   4029    3615 kube-apiserver --advertise-  3.3
   4126    3681 kube-apiserver --advertise-  3.0
   3357    2350 /usr/bin/kubelet --bootstra  2.0
==================================
      SYSTEM INFORMATION
==================================

----- Hostname & OS Info -----
Hostname: sufiyan-HP-Notebook
OS Information:
PRETTY_NAME="Ubuntu 24.04.4 LTS"

----- Uptime -----
System Uptime:
up 1 day, 22 hours, 32 minutes

----- Disk Usage -----
Top 5 Largest Files/Directories:
201M	./opt
108K	./snap

----- Memory Usage -----
Memory Usage:
               total        used        free      shared  buff/cache   available
Mem:            11Gi       4.0Gi       2.8Gi       516Mi       5.6Gi       7.5Gi
Swap:          4.0Gi          0B       4.0Gi

----- Top CPU Processes -----
Top 5 CPU-Consuming Processes:
    PID    PPID CMD                         %CPU
   4029    3615 kube-apiserver --advertise-  3.3
   4126    3681 kube-apiserver --advertise-  3.0
   3357    2350 /usr/bin/kubelet --bootstra  2.0
   2836    2350 /usr/local/bin/containerd    1.5
   4036    3628 etcd --advertise-client-url  1.5
==================================
      SYSTEM INFORMATION
==================================

----- Hostname & OS Info -----
Hostname: sufiyan-HP-Notebook
OS Information:
PRETTY_NAME="Ubuntu 24.04.4 LTS"

----- Uptime -----
System Uptime:
up 1 day, 22 hours, 33 minutes

----- Disk Usage -----
Top 5 Largest Files/Directories:
201M	./opt
108K	./snap

----- Memory Usage -----
Memory Usage:
               total        used        free      shared  buff/cache   available
Mem:            11Gi       4.0Gi       2.8Gi       516Mi       5.6Gi       7.5Gi
Swap:          4.0Gi          0B       4.0Gi

----- Top CPU Processes -----
Top 5 CPU-Consuming Processes:
    PID    PPID CMD                         %CPU
 514408  514399 ps -eo pid,ppid,cmd,%cpu --  800
 514397  419177 /usr/sbin/CRON -f -P        14.2
   4029    3615 kube-apiserver --advertise-  3.4
   4126    3681 kube-apiserver --advertise-  3.0
   3357    2350 /usr/bin/kubelet --bootstra  2.0
==================================
      SYSTEM INFORMATION
==================================

----- Hostname & OS Info -----
Hostname: sufiyan-HP-Notebook
OS Information:
PRETTY_NAME="Ubuntu 24.04.4 LTS"

----- Uptime -----
System Uptime:
up 1 day, 22 hours, 34 minutes

----- Disk Usage -----
Top 5 Largest Files/Directories:
201M	./opt
108K	./snap

----- Memory Usage -----
Memory Usage:
               total        used        free      shared  buff/cache   available
Mem:            11Gi       4.0Gi       2.8Gi       516Mi       5.6Gi       7.6Gi
Swap:          4.0Gi          0B       4.0Gi

----- Top CPU Processes -----
Top 5 CPU-Consuming Processes:
    PID    PPID CMD                         %CPU
 514996  514987 ps -eo pid,ppid,cmd,%cpu --  800
   4029    3615 kube-apiserver --advertise-  3.4
   4126    3681 kube-apiserver --advertise-  3.0
   3357    2350 /usr/bin/kubelet --bootstra  2.0
   2836    2350 /usr/local/bin/containerd    1.5
==================================
      SYSTEM INFORMATION
==================================

----- Hostname & OS Info -----
Hostname: sufiyan-HP-Notebook
OS Information:
PRETTY_NAME="Ubuntu 24.04.4 LTS"

----- Uptime -----
System Uptime:
up 1 day, 22 hours, 35 minutes

----- Disk Usage -----
Top 5 Largest Files/Directories:
201M	./opt
108K	./snap

----- Memory Usage -----
Memory Usage:
               total        used        free      shared  buff/cache   available
Mem:            11Gi       4.0Gi       2.8Gi       516Mi       5.6Gi       7.5Gi
Swap:          4.0Gi          0B       4.0Gi

----- Top CPU Processes -----
Top 5 CPU-Consuming Processes:
    PID    PPID CMD                         %CPU
 515584  515575 ps -eo pid,ppid,cmd,%cpu --  800
 515573  419177 /usr/sbin/CRON -f -P        14.2
   4029    3615 kube-apiserver --advertise-  3.4
   4126    3681 kube-apiserver --advertise-  3.0
   3357    2350 /usr/bin/kubelet --bootstra  2.0
==================================
      SYSTEM INFORMATION
==================================

----- Hostname & OS Info -----
Hostname: sufiyan-HP-Notebook
OS Information:
PRETTY_NAME="Ubuntu 24.04.4 LTS"

----- Uptime -----
System Uptime:
up 1 day, 22 hours, 36 minutes

----- Disk Usage -----
Top 5 Largest Files/Directories:
201M	./opt
108K	./snap

----- Memory Usage -----
Memory Usage:
               total        used        free      shared  buff/cache   available
Mem:            11Gi       4.0Gi       2.8Gi       516Mi       5.6Gi       7.6Gi
Swap:          4.0Gi          0B       4.0Gi

----- Top CPU Processes -----
Top 5 CPU-Consuming Processes:
    PID    PPID CMD                         %CPU
 516176  516167 ps -eo pid,ppid,cmd,%cpu --  800
 516163  419177 /usr/sbin/CRON -f -P        14.2
   4029    3615 kube-apiserver --advertise-  3.4
   4126    3681 kube-apiserver --advertise-  3.0
   3357    2350 /usr/bin/kubelet --bootstra  2.0
==================================
      SYSTEM INFORMATION
==================================

----- Hostname & OS Info -----
Hostname: sufiyan-HP-Notebook
OS Information:
PRETTY_NAME="Ubuntu 24.04.4 LTS"

----- Uptime -----
System Uptime:
up 1 day, 22 hours, 37 minutes

----- Disk Usage -----
Top 5 Largest Files/Directories:
201M	./opt
108K	./snap

----- Memory Usage -----
Memory Usage:
               total        used        free      shared  buff/cache   available
Mem:            11Gi       4.0Gi       2.8Gi       516Mi       5.6Gi       7.6Gi
Swap:          4.0Gi          0B       4.0Gi

----- Top CPU Processes -----
Top 5 CPU-Consuming Processes:
    PID    PPID CMD                         %CPU
 516778  516769 ps -eo pid,ppid,cmd,%cpu --  900
   4029    3615 kube-apiserver --advertise-  3.4
   4126    3681 kube-apiserver --advertise-  3.0
   3357    2350 /usr/bin/kubelet --bootstra  2.0
   2836    2350 /usr/local/bin/containerd    1.5
==================================
      SYSTEM INFORMATION
==================================

----- Hostname & OS Info -----
Hostname: sufiyan-HP-Notebook
OS Information:
PRETTY_NAME="Ubuntu 24.04.4 LTS"

----- Uptime -----
System Uptime:
up 2 days, 13 minutes

----- Disk Usage -----
Top 5 Largest Files/Directories:
201M	./opt
108K	./snap

----- Memory Usage -----
Memory Usage:
               total        used        free      shared  buff/cache   available
Mem:            11Gi       4.0Gi       2.8Gi       516Mi       5.6Gi       7.6Gi
Swap:          4.0Gi          0B       4.0Gi

----- Top CPU Processes -----
Top 5 CPU-Consuming Processes:
    PID    PPID CMD                         %CPU
 517553  517544 ps -eo pid,ppid,cmd,%cpu --  900
 517542  419177 /usr/sbin/CRON -f -P        12.5
   4029    3615 kube-apiserver --advertise-  3.3
   4126    3681 kube-apiserver --advertise-  2.9
   3357    2350 /usr/bin/kubelet --bootstra  1.9
==================================
      SYSTEM INFORMATION
==================================

----- Hostname & OS Info -----
Hostname: sufiyan-HP-Notebook
OS Information:
PRETTY_NAME="Ubuntu 24.04.4 LTS"

----- Uptime -----
System Uptime:
up 2 days, 13 minutes

----- Disk Usage -----
Top 5 Largest Files/Directories:
201M	./opt
108K	./snap

----- Memory Usage -----
Memory Usage:
               total        used        free      shared  buff/cache   available
Mem:            11Gi       4.0Gi       2.8Gi       517Mi       5.6Gi       7.6Gi
Swap:          4.0Gi          0B       4.0Gi

----- Top CPU Processes -----
Top 5 CPU-Consuming Processes:
    PID    PPID CMD                         %CPU
 517971  517962 ps -eo pid,ppid,cmd,%cpu --  900
 517954    2170 gdm-session-worker [pam/gdm  6.0
   4029    3615 kube-apiserver --advertise-  3.3
   4126    3681 kube-apiserver --advertise-  2.9
   3357    2350 /usr/bin/kubelet --bootstra  1.9
==================================
      SYSTEM INFORMATION
==================================

----- Hostname & OS Info -----
Hostname: sufiyan-HP-Notebook
OS Information:
PRETTY_NAME="Ubuntu 24.04.4 LTS"

----- Uptime -----
System Uptime:
up 2 days, 14 minutes

----- Disk Usage -----
Top 5 Largest Files/Directories:
201M	./opt
108K	./snap

----- Memory Usage -----
Memory Usage:
               total        used        free      shared  buff/cache   available
Mem:            11Gi       4.1Gi       2.7Gi       572Mi       5.6Gi       7.5Gi
Swap:          4.0Gi          0B       4.0Gi

----- Top CPU Processes -----
Top 5 CPU-Consuming Processes:
    PID    PPID CMD                         %CPU
 518619  518610 ps -eo pid,ppid,cmd,%cpu -- 1000
   4029    3615 kube-apiserver --advertise-  3.3
   4126    3681 kube-apiserver --advertise-  2.9
   3357    2350 /usr/bin/kubelet --bootstra  2.0
 517991    3441 gjs /usr/share/gnome-shell/  1.7
==================================
      SYSTEM INFORMATION
==================================

----- Hostname & OS Info -----
Hostname: sufiyan-HP-Notebook
OS Information:
PRETTY_NAME="Ubuntu 24.04.4 LTS"

----- Uptime -----
System Uptime:
up 2 days, 15 minutes

----- Disk Usage -----
Top 5 Largest Files/Directories:
201M	./opt
108K	./snap

----- Memory Usage -----
Memory Usage:
               total        used        free      shared  buff/cache   available
Mem:            11Gi       4.3Gi       2.5Gi       605Mi       5.7Gi       7.3Gi
Swap:          4.0Gi          0B       4.0Gi

----- Top CPU Processes -----
Top 5 CPU-Consuming Processes:
    PID    PPID CMD                         %CPU
 519357  519348 ps -eo pid,ppid,cmd,%cpu --  800
   4029    3615 kube-apiserver --advertise-  3.3
   4126    3681 kube-apiserver --advertise-  2.9
   3357    2350 /usr/bin/kubelet --bootstra  2.0
   2836    2350 /usr/local/bin/containerd    1.5
==================================
      SYSTEM INFORMATION
==================================

----- Hostname & OS Info -----
Hostname: sufiyan-HP-Notebook
OS Information:
PRETTY_NAME="Ubuntu 24.04.4 LTS"

----- Uptime -----
System Uptime:
up 2 days, 16 minutes

----- Disk Usage -----
Top 5 Largest Files/Directories:
201M	./opt
108K	./snap

----- Memory Usage -----
Memory Usage:
               total        used        free      shared  buff/cache   available
Mem:            11Gi       4.2Gi       2.6Gi       562Mi       5.6Gi       7.3Gi
Swap:          4.0Gi          0B       4.0Gi

----- Top CPU Processes -----
Top 5 CPU-Consuming Processes:
    PID    PPID CMD                         %CPU
 519934  419177 /usr/sbin/CRON -f -P        21.4
   4029    3615 kube-apiserver --advertise-  3.3
   4126    3681 kube-apiserver --advertise-  2.9
   3357    2350 /usr/bin/kubelet --bootstra  2.0
   2836    2350 /usr/local/bin/containerd    1.5
==================================
      SYSTEM INFORMATION
==================================

----- Hostname & OS Info -----
Hostname: sufiyan-HP-Notebook
OS Information:
PRETTY_NAME="Ubuntu 24.04.4 LTS"

----- Uptime -----
System Uptime:
up 2 days, 17 minutes

----- Disk Usage -----
Top 5 Largest Files/Directories:
201M	./opt
108K	./snap

----- Memory Usage -----
Memory Usage:
               total        used        free      shared  buff/cache   available
Mem:            11Gi       4.2Gi       2.6Gi       565Mi       5.6Gi       7.4Gi
Swap:          4.0Gi          0B       4.0Gi

----- Top CPU Processes -----
Top 5 CPU-Consuming Processes:
    PID    PPID CMD                         %CPU
 520531  520522 ps -eo pid,ppid,cmd,%cpu --  500
 520522  520521 /bin/bash /home/sufiyan/Dev 11.1
 520520  419177 /usr/sbin/CRON -f -P         9.0
   4029    3615 kube-apiserver --advertise-  3.3
   4126    3681 kube-apiserver --advertise-  2.9
==================================
      SYSTEM INFORMATION
==================================

----- Hostname & OS Info -----
Hostname: sufiyan-HP-Notebook
OS Information:
PRETTY_NAME="Ubuntu 24.04.4 LTS"

----- Uptime -----
System Uptime:
up 2 days, 18 minutes

----- Disk Usage -----
Top 5 Largest Files/Directories:
201M	./opt
108K	./snap

----- Memory Usage -----
Memory Usage:
               total        used        free      shared  buff/cache   available
Mem:            11Gi       4.2Gi       2.6Gi       581Mi       5.6Gi       7.4Gi
Swap:          4.0Gi          0B       4.0Gi

----- Top CPU Processes -----
Top 5 CPU-Consuming Processes:
    PID    PPID CMD                         %CPU
 521129  521120 ps -eo pid,ppid,cmd,%cpu --  900
   4029    3615 kube-apiserver --advertise-  3.3
   4126    3681 kube-apiserver --advertise-  2.9
   3357    2350 /usr/bin/kubelet --bootstra  2.0
   2836    2350 /usr/local/bin/containerd    1.5
==================================
      SYSTEM INFORMATION
==================================

----- Hostname & OS Info -----
Hostname: sufiyan-HP-Notebook
OS Information:
PRETTY_NAME="Ubuntu 24.04.4 LTS"

----- Uptime -----
System Uptime:
up 2 days, 19 minutes

----- Disk Usage -----
Top 5 Largest Files/Directories:
201M	./opt
108K	./snap

----- Memory Usage -----
Memory Usage:
               total        used        free      shared  buff/cache   available
Mem:            11Gi       4.1Gi       2.7Gi       544Mi       5.6Gi       7.4Gi
Swap:          4.0Gi          0B       4.0Gi

----- Top CPU Processes -----
Top 5 CPU-Consuming Processes:
    PID    PPID CMD                         %CPU
 521712  521703 ps -eo pid,ppid,cmd,%cpu --  500
 521701  419177 /usr/sbin/CRON -f -P        16.6
 521703  521702 /bin/bash /home/sufiyan/Dev 11.1
 521702  521701 /bin/sh -c /home/sufiyan/De 10.0
   4029    3615 kube-apiserver --advertise-  3.3
==================================
      SYSTEM INFORMATION
==================================

----- Hostname & OS Info -----
Hostname: sufiyan-HP-Notebook
OS Information:
PRETTY_NAME="Ubuntu 24.04.4 LTS"

----- Uptime -----
System Uptime:
up 2 days, 20 minutes

----- Disk Usage -----
Top 5 Largest Files/Directories:
201M	./opt
108K	./snap

----- Memory Usage -----
Memory Usage:
               total        used        free      shared  buff/cache   available
Mem:            11Gi       4.1Gi       2.7Gi       532Mi       5.6Gi       7.5Gi
Swap:          4.0Gi          0B       4.0Gi

----- Top CPU Processes -----
Top 5 CPU-Consuming Processes:
    PID    PPID CMD                         %CPU
 522305  522296 ps -eo pid,ppid,cmd,%cpu -- 1000
 522294  419177 /usr/sbin/CRON -f -P        10.0
   4029    3615 kube-apiserver --advertise-  3.3
   4126    3681 kube-apiserver --advertise-  2.9
   3357    2350 /usr/bin/kubelet --bootstra  2.0
==================================
      SYSTEM INFORMATION
==================================

----- Hostname & OS Info -----
Hostname: sufiyan-HP-Notebook
OS Information:
PRETTY_NAME="Ubuntu 24.04.4 LTS"

----- Uptime -----
System Uptime:
up 2 days, 21 minutes

----- Disk Usage -----
Top 5 Largest Files/Directories:
201M	./opt
108K	./snap

----- Memory Usage -----
Memory Usage:
               total        used        free      shared  buff/cache   available
Mem:            11Gi       4.1Gi       2.7Gi       532Mi       5.6Gi       7.5Gi
Swap:          4.0Gi          0B       4.0Gi

----- Top CPU Processes -----
Top 5 CPU-Consuming Processes:
    PID    PPID CMD                         %CPU
 522910  522901 ps -eo pid,ppid,cmd,%cpu -- 1000
 522901  522899 /bin/bash /home/sufiyan/Dev 10.0
 522898  419177 /usr/sbin/CRON -f -P         7.6
   4029    3615 kube-apiserver --advertise-  3.3
   4126    3681 kube-apiserver --advertise-  3.0
==================================
      SYSTEM INFORMATION
==================================

----- Hostname & OS Info -----
Hostname: sufiyan-HP-Notebook
OS Information:
PRETTY_NAME="Ubuntu 24.04.4 LTS"

----- Uptime -----
System Uptime:
up 2 days, 22 minutes

----- Disk Usage -----
Top 5 Largest Files/Directories:
201M	./opt
108K	./snap

----- Memory Usage -----
Memory Usage:
               total        used        free      shared  buff/cache   available
Mem:            11Gi       4.1Gi       2.7Gi       539Mi       5.6Gi       7.5Gi
Swap:          4.0Gi          0B       4.0Gi

----- Top CPU Processes -----
Top 5 CPU-Consuming Processes:
    PID    PPID CMD                         %CPU
 523497  523488 ps -eo pid,ppid,cmd,%cpu --  400
 523486  419177 /usr/sbin/CRON -f -P        13.3
 523488  523487 /bin/bash /home/sufiyan/Dev  9.0
   4029    3615 kube-apiserver --advertise-  3.3
   4126    3681 kube-apiserver --advertise-  3.0
==================================
      SYSTEM INFORMATION
==================================

----- Hostname & OS Info -----
Hostname: sufiyan-HP-Notebook
OS Information:
PRETTY_NAME="Ubuntu 24.04.4 LTS"

----- Uptime -----
System Uptime:
up 2 days, 23 minutes

----- Disk Usage -----
Top 5 Largest Files/Directories:
201M	./opt
108K	./snap

----- Memory Usage -----
Memory Usage:
               total        used        free      shared  buff/cache   available
Mem:            11Gi       4.1Gi       2.7Gi       547Mi       5.6Gi       7.4Gi
Swap:          4.0Gi          0B       4.0Gi

----- Top CPU Processes -----
Top 5 CPU-Consuming Processes:
    PID    PPID CMD                         %CPU
 524092  524083 ps -eo pid,ppid,cmd,%cpu -- 1200
 524083  524082 /bin/bash /home/sufiyan/Dev 12.5
   4029    3615 kube-apiserver --advertise-  3.3
   4126    3681 kube-apiserver --advertise-  3.0
   3357    2350 /usr/bin/kubelet --bootstra  2.0
==================================
      SYSTEM INFORMATION
==================================

----- Hostname & OS Info -----
Hostname: sufiyan-HP-Notebook
OS Information:
PRETTY_NAME="Ubuntu 24.04.4 LTS"

----- Uptime -----
System Uptime:
up 2 days, 24 minutes

----- Disk Usage -----
Top 5 Largest Files/Directories:
201M	./opt
108K	./snap

----- Memory Usage -----
Memory Usage:
               total        used        free      shared  buff/cache   available
Mem:            11Gi       4.1Gi       2.7Gi       522Mi       5.6Gi       7.5Gi
Swap:          4.0Gi          0B       4.0Gi

----- Top CPU Processes -----
Top 5 CPU-Consuming Processes:
    PID    PPID CMD                         %CPU
 524690  524681 ps -eo pid,ppid,cmd,%cpu -- 1000
 524679  419177 /usr/sbin/CRON -f -P        10.0
   4029    3615 kube-apiserver --advertise-  3.3
   4126    3681 kube-apiserver --advertise-  3.0
   3357    2350 /usr/bin/kubelet --bootstra  2.0
==================================
      SYSTEM INFORMATION
==================================

----- Hostname & OS Info -----
Hostname: sufiyan-HP-Notebook
OS Information:
PRETTY_NAME="Ubuntu 24.04.4 LTS"

----- Uptime -----
System Uptime:
up 2 days, 25 minutes

----- Disk Usage -----
Top 5 Largest Files/Directories:
201M	./opt
108K	./snap

----- Memory Usage -----
Memory Usage:
               total        used        free      shared  buff/cache   available
Mem:            11Gi       4.1Gi       2.7Gi       542Mi       5.6Gi       7.5Gi
Swap:          4.0Gi          0B       4.0Gi

----- Top CPU Processes -----
Top 5 CPU-Consuming Processes:
    PID    PPID CMD                         %CPU
 525263  525254 ps -eo pid,ppid,cmd,%cpu --  900
 525254  525253 /bin/bash /home/sufiyan/Dev 16.6
 525252  419177 /usr/sbin/CRON -f -P        11.1
   4029    3615 kube-apiserver --advertise-  3.3
   4126    3681 kube-apiserver --advertise-  3.0
==================================
      SYSTEM INFORMATION
==================================

----- Hostname & OS Info -----
Hostname: sufiyan-HP-Notebook
OS Information:
PRETTY_NAME="Ubuntu 24.04.4 LTS"

----- Uptime -----
System Uptime:
up 2 days, 26 minutes

----- Disk Usage -----
Top 5 Largest Files/Directories:
201M	./opt
108K	./snap

----- Memory Usage -----
Memory Usage:
               total        used        free      shared  buff/cache   available
Mem:            11Gi       4.1Gi       2.7Gi       510Mi       5.6Gi       7.5Gi
Swap:          4.0Gi          0B       4.0Gi

----- Top CPU Processes -----
Top 5 CPU-Consuming Processes:
    PID    PPID CMD                         %CPU
 525864  525855 ps -eo pid,ppid,cmd,%cpu --  450
 525855  525853 /bin/bash /home/sufiyan/Dev 12.5
 525851  419177 /usr/sbin/CRON -f -P         8.3
   4029    3615 kube-apiserver --advertise-  3.3
   4126    3681 kube-apiserver --advertise-  3.0
==================================
      SYSTEM INFORMATION
==================================

----- Hostname & OS Info -----
Hostname: sufiyan-HP-Notebook
OS Information:
PRETTY_NAME="Ubuntu 24.04.4 LTS"

----- Uptime -----
System Uptime:
up 2 days, 27 minutes

----- Disk Usage -----
Top 5 Largest Files/Directories:
201M	./opt
108K	./snap

----- Memory Usage -----
Memory Usage:
               total        used        free      shared  buff/cache   available
Mem:            11Gi       4.1Gi       2.7Gi       510Mi       5.6Gi       7.5Gi
Swap:          4.0Gi          0B       4.0Gi

----- Top CPU Processes -----
Top 5 CPU-Consuming Processes:
    PID    PPID CMD                         %CPU
 526463  526454 ps -eo pid,ppid,cmd,%cpu --  450
 526454  526453 /bin/bash /home/sufiyan/Dev 14.2
   4029    3615 kube-apiserver --advertise-  3.3
   4126    3681 kube-apiserver --advertise-  3.0
   3357    2350 /usr/bin/kubelet --bootstra  2.0
==================================
      SYSTEM INFORMATION
==================================

----- Hostname & OS Info -----
Hostname: sufiyan-HP-Notebook
OS Information:
PRETTY_NAME="Ubuntu 24.04.4 LTS"

----- Uptime -----
System Uptime:
up 2 days, 28 minutes

----- Disk Usage -----
Top 5 Largest Files/Directories:
201M	./opt
108K	./snap

----- Memory Usage -----
Memory Usage:
               total        used        free      shared  buff/cache   available
Mem:            11Gi       4.1Gi       2.7Gi       510Mi       5.6Gi       7.5Gi
Swap:          4.0Gi          0B       4.0Gi

----- Top CPU Processes -----
Top 5 CPU-Consuming Processes:
    PID    PPID CMD                         %CPU
 527048  527039 ps -eo pid,ppid,cmd,%cpu -- 1100
 527039  527038 /bin/bash /home/sufiyan/Dev 14.2
 527037  419177 /usr/sbin/CRON -f -P        10.0
   4029    3615 kube-apiserver --advertise-  3.3
   4126    3681 kube-apiserver --advertise-  3.0
==================================
      SYSTEM INFORMATION
==================================

----- Hostname & OS Info -----
Hostname: sufiyan-HP-Notebook
OS Information:
PRETTY_NAME="Ubuntu 24.04.4 LTS"

----- Uptime -----
System Uptime:
up 2 days, 29 minutes

----- Disk Usage -----
Top 5 Largest Files/Directories:
201M	./opt
108K	./snap

----- Memory Usage -----
Memory Usage:
               total        used        free      shared  buff/cache   available
Mem:            11Gi       4.1Gi       2.7Gi       510Mi       5.6Gi       7.5Gi
Swap:          4.0Gi          0B       4.0Gi

----- Top CPU Processes -----
Top 5 CPU-Consuming Processes:
    PID    PPID CMD                         %CPU
 527636  527627 ps -eo pid,ppid,cmd,%cpu --  900
 527627  527626 /bin/bash /home/sufiyan/Dev 14.2
   4029    3615 kube-apiserver --advertise-  3.3
   4126    3681 kube-apiserver --advertise-  3.0
   3357    2350 /usr/bin/kubelet --bootstra  2.0
==================================
      SYSTEM INFORMATION
==================================

----- Hostname & OS Info -----
Hostname: sufiyan-HP-Notebook
OS Information:
PRETTY_NAME="Ubuntu 24.04.4 LTS"

----- Uptime -----
System Uptime:
up 2 days, 30 minutes

----- Disk Usage -----
Top 5 Largest Files/Directories:
201M	./opt
108K	./snap

----- Memory Usage -----
Memory Usage:
               total        used        free      shared  buff/cache   available
Mem:            11Gi       4.1Gi       2.7Gi       510Mi       5.6Gi       7.5Gi
Swap:          4.0Gi          0B       4.0Gi

----- Top CPU Processes -----
Top 5 CPU-Consuming Processes:
    PID    PPID CMD                         %CPU
 528227  528218 ps -eo pid,ppid,cmd,%cpu --  350
 528218  528217 /bin/bash /home/sufiyan/Dev 16.6
   4029    3615 kube-apiserver --advertise-  3.3
   4126    3681 kube-apiserver --advertise-  3.0
   3357    2350 /usr/bin/kubelet --bootstra  2.0
==================================
      SYSTEM INFORMATION
==================================

----- Hostname & OS Info -----
Hostname: sufiyan-HP-Notebook
OS Information:
PRETTY_NAME="Ubuntu 24.04.4 LTS"

----- Uptime -----
System Uptime:
up 2 days, 31 minutes

----- Disk Usage -----
Top 5 Largest Files/Directories:
201M	./opt
108K	./snap

----- Memory Usage -----
Memory Usage:
               total        used        free      shared  buff/cache   available
Mem:            11Gi       4.1Gi       2.7Gi       506Mi       5.6Gi       7.5Gi
Swap:          4.0Gi          0B       4.0Gi

----- Top CPU Processes -----
Top 5 CPU-Consuming Processes:
    PID    PPID CMD                         %CPU
 528812  528803 ps -eo pid,ppid,cmd,%cpu --  450
 528803  528802 /bin/bash /home/sufiyan/Dev 14.2
   4029    3615 kube-apiserver --advertise-  3.3
   4126    3681 kube-apiserver --advertise-  3.0
   3357    2350 /usr/bin/kubelet --bootstra  2.0
==================================
      SYSTEM INFORMATION
==================================

----- Hostname & OS Info -----
Hostname: sufiyan-HP-Notebook
OS Information:
PRETTY_NAME="Ubuntu 24.04.4 LTS"

----- Uptime -----
System Uptime:
up 2 days, 32 minutes

----- Disk Usage -----
Top 5 Largest Files/Directories:
201M	./opt
108K	./snap

----- Memory Usage -----
Memory Usage:
               total        used        free      shared  buff/cache   available
Mem:            11Gi       4.1Gi       2.7Gi       506Mi       5.6Gi       7.5Gi
Swap:          4.0Gi          0B       4.0Gi

----- Top CPU Processes -----
Top 5 CPU-Consuming Processes:
    PID    PPID CMD                         %CPU
 529403  529394 ps -eo pid,ppid,cmd,%cpu --  550
   4029    3615 kube-apiserver --advertise-  3.3
   4126    3681 kube-apiserver --advertise-  3.0
   3357    2350 /usr/bin/kubelet --bootstra  2.0
   2836    2350 /usr/local/bin/containerd    1.5
==================================
      SYSTEM INFORMATION
==================================

----- Hostname & OS Info -----
Hostname: sufiyan-HP-Notebook
OS Information:
PRETTY_NAME="Ubuntu 24.04.4 LTS"

----- Uptime -----
System Uptime:
up 2 days, 33 minutes

----- Disk Usage -----
Top 5 Largest Files/Directories:
201M	./opt
108K	./snap

----- Memory Usage -----
Memory Usage:
               total        used        free      shared  buff/cache   available
Mem:            11Gi       4.1Gi       2.7Gi       506Mi       5.6Gi       7.5Gi
Swap:          4.0Gi          0B       4.0Gi

----- Top CPU Processes -----
Top 5 CPU-Consuming Processes:
    PID    PPID CMD                         %CPU
 529996  529987 ps -eo pid,ppid,cmd,%cpu --  500
 529985  419177 /usr/sbin/CRON -f -P        10.0
   4029    3615 kube-apiserver --advertise-  3.3
   4126    3681 kube-apiserver --advertise-  3.0
   3357    2350 /usr/bin/kubelet --bootstra  2.0
==================================
      SYSTEM INFORMATION
==================================

----- Hostname & OS Info -----
Hostname: sufiyan-HP-Notebook
OS Information:
PRETTY_NAME="Ubuntu 24.04.4 LTS"

----- Uptime -----
System Uptime:
up 2 days, 34 minutes

----- Disk Usage -----
Top 5 Largest Files/Directories:
201M	./opt
108K	./snap

----- Memory Usage -----
Memory Usage:
               total        used        free      shared  buff/cache   available
Mem:            11Gi       4.1Gi       2.7Gi       506Mi       5.6Gi       7.5Gi
Swap:          4.0Gi          0B       4.0Gi

----- Top CPU Processes -----
Top 5 CPU-Consuming Processes:
    PID    PPID CMD                         %CPU
 530583  530574 ps -eo pid,ppid,cmd,%cpu --  900
 530574  530573 /bin/bash /home/sufiyan/Dev 14.2
   4029    3615 kube-apiserver --advertise-  3.3
   4126    3681 kube-apiserver --advertise-  3.0
   3357    2350 /usr/bin/kubelet --bootstra  2.0
==================================
      SYSTEM INFORMATION
==================================

----- Hostname & OS Info -----
Hostname: sufiyan-HP-Notebook
OS Information:
PRETTY_NAME="Ubuntu 24.04.4 LTS"

----- Uptime -----
System Uptime:
up 2 days, 35 minutes

----- Disk Usage -----
Top 5 Largest Files/Directories:
201M	./opt
108K	./snap

----- Memory Usage -----
Memory Usage:
               total        used        free      shared  buff/cache   available
Mem:            11Gi       4.1Gi       2.7Gi       512Mi       5.6Gi       7.5Gi
Swap:          4.0Gi          0B       4.0Gi

----- Top CPU Processes -----
Top 5 CPU-Consuming Processes:
    PID    PPID CMD                         %CPU
 531171  531162 ps -eo pid,ppid,cmd,%cpu -- 1000
 531162  531161 /bin/bash /home/sufiyan/Dev 16.6
 531160  419177 /usr/sbin/CRON -f -P        11.1
   4029    3615 kube-apiserver --advertise-  3.3
   4126    3681 kube-apiserver --advertise-  3.0
==================================
      SYSTEM INFORMATION
==================================

----- Hostname & OS Info -----
Hostname: sufiyan-HP-Notebook
OS Information:
PRETTY_NAME="Ubuntu 24.04.4 LTS"

----- Uptime -----
System Uptime:
up 2 days, 36 minutes

----- Disk Usage -----
Top 5 Largest Files/Directories:
201M	./opt
108K	./snap

----- Memory Usage -----
Memory Usage:
               total        used        free      shared  buff/cache   available
Mem:            11Gi       4.2Gi       2.6Gi       521Mi       5.6Gi       7.4Gi
Swap:          4.0Gi          0B       4.0Gi

----- Top CPU Processes -----
Top 5 CPU-Consuming Processes:
    PID    PPID CMD                         %CPU
 531761  531752 ps -eo pid,ppid,cmd,%cpu --  400
   4029    3615 kube-apiserver --advertise-  3.3
   4126    3681 kube-apiserver --advertise-  3.0
   3357    2350 /usr/bin/kubelet --bootstra  2.0
   2836    2350 /usr/local/bin/containerd    1.5
==================================
      SYSTEM INFORMATION
==================================

----- Hostname & OS Info -----
Hostname: sufiyan-HP-Notebook
OS Information:
PRETTY_NAME="Ubuntu 24.04.4 LTS"

----- Uptime -----
System Uptime:
up 2 days, 37 minutes

----- Disk Usage -----
Top 5 Largest Files/Directories:
201M	./opt
108K	./snap

----- Memory Usage -----
Memory Usage:
               total        used        free      shared  buff/cache   available
Mem:            11Gi       4.1Gi       2.7Gi       548Mi       5.6Gi       7.5Gi
Swap:          4.0Gi          0B       4.0Gi

----- Top CPU Processes -----
Top 5 CPU-Consuming Processes:
    PID    PPID CMD                         %CPU
 532356  532347 ps -eo pid,ppid,cmd,%cpu --  500
 532347  532346 /bin/bash /home/sufiyan/Dev 16.6
 532345  419177 /usr/sbin/CRON -f -P         9.0
   4029    3615 kube-apiserver --advertise-  3.3
   4126    3681 kube-apiserver --advertise-  3.0
==================================
      SYSTEM INFORMATION
==================================

----- Hostname & OS Info -----
Hostname: sufiyan-HP-Notebook
OS Information:
PRETTY_NAME="Ubuntu 24.04.4 LTS"

----- Uptime -----
System Uptime:
up 2 days, 38 minutes

----- Disk Usage -----
Top 5 Largest Files/Directories:
201M	./opt
108K	./snap

----- Memory Usage -----
Memory Usage:
               total        used        free      shared  buff/cache   available
Mem:            11Gi       4.1Gi       2.7Gi       524Mi       5.6Gi       7.5Gi
Swap:          4.0Gi          0B       4.0Gi

----- Top CPU Processes -----
Top 5 CPU-Consuming Processes:
    PID    PPID CMD                         %CPU
 532944  532935 ps -eo pid,ppid,cmd,%cpu -- 1000
 532935  532934 /bin/bash /home/sufiyan/Dev 12.5
   4029    3615 kube-apiserver --advertise-  3.3
   4126    3681 kube-apiserver --advertise-  3.0
   3357    2350 /usr/bin/kubelet --bootstra  2.0
==================================
      SYSTEM INFORMATION
==================================

----- Hostname & OS Info -----
Hostname: sufiyan-HP-Notebook
OS Information:
PRETTY_NAME="Ubuntu 24.04.4 LTS"

----- Uptime -----
System Uptime:
up 2 days, 39 minutes

----- Disk Usage -----
Top 5 Largest Files/Directories:
201M	./opt
108K	./snap

----- Memory Usage -----
Memory Usage:
               total        used        free      shared  buff/cache   available
Mem:            11Gi       4.2Gi       2.6Gi       536Mi       5.6Gi       7.3Gi
Swap:          4.0Gi          0B       4.0Gi

----- Top CPU Processes -----
Top 5 CPU-Consuming Processes:
    PID    PPID CMD                         %CPU
 533533  533524 ps -eo pid,ppid,cmd,%cpu --  300
   4029    3615 kube-apiserver --advertise-  3.3
   4126    3681 kube-apiserver --advertise-  3.0
   3357    2350 /usr/bin/kubelet --bootstra  2.0
   2836    2350 /usr/local/bin/containerd    1.5
==================================
      SYSTEM INFORMATION
==================================

----- Hostname & OS Info -----
Hostname: sufiyan-HP-Notebook
OS Information:
PRETTY_NAME="Ubuntu 24.04.4 LTS"

----- Uptime -----
System Uptime:
up 2 days, 40 minutes

----- Disk Usage -----
Top 5 Largest Files/Directories:
201M	./opt
108K	./snap

----- Memory Usage -----
Memory Usage:
               total        used        free      shared  buff/cache   available
Mem:            11Gi       4.1Gi       2.7Gi       511Mi       5.6Gi       7.5Gi
Swap:          4.0Gi          0B       4.0Gi

----- Top CPU Processes -----
Top 5 CPU-Consuming Processes:
    PID    PPID CMD                         %CPU
 534124  534115 ps -eo pid,ppid,cmd,%cpu --  300
 534115  534114 /bin/bash /home/sufiyan/Dev 14.2
   4029    3615 kube-apiserver --advertise-  3.3
   4126    3681 kube-apiserver --advertise-  3.0
   3357    2350 /usr/bin/kubelet --bootstra  2.0
==================================
      SYSTEM INFORMATION
==================================

----- Hostname & OS Info -----
Hostname: sufiyan-HP-Notebook
OS Information:
PRETTY_NAME="Ubuntu 24.04.4 LTS"

----- Uptime -----
System Uptime:
up 2 days, 41 minutes

----- Disk Usage -----
Top 5 Largest Files/Directories:
201M	./opt
108K	./snap

----- Memory Usage -----
Memory Usage:
               total        used        free      shared  buff/cache   available
Mem:            11Gi       4.1Gi       2.7Gi       527Mi       5.6Gi       7.5Gi
Swap:          4.0Gi          0B       4.0Gi

----- Top CPU Processes -----
Top 5 CPU-Consuming Processes:
    PID    PPID CMD                         %CPU
 534698  534689 ps -eo pid,ppid,cmd,%cpu --  800
 534689  534688 /bin/bash /home/sufiyan/Dev 16.6
   4029    3615 kube-apiserver --advertise-  3.3
   4126    3681 kube-apiserver --advertise-  3.0
   3357    2350 /usr/bin/kubelet --bootstra  2.0
==================================
      SYSTEM INFORMATION
==================================

----- Hostname & OS Info -----
Hostname: sufiyan-HP-Notebook
OS Information:
PRETTY_NAME="Ubuntu 24.04.4 LTS"

----- Uptime -----
System Uptime:
up 2 days, 42 minutes

----- Disk Usage -----
Top 5 Largest Files/Directories:
201M	./opt
108K	./snap

----- Memory Usage -----
Memory Usage:
               total        used        free      shared  buff/cache   available
Mem:            11Gi       4.1Gi       2.7Gi       527Mi       5.6Gi       7.4Gi
Swap:          4.0Gi          0B       4.0Gi

----- Top CPU Processes -----
Top 5 CPU-Consuming Processes:
    PID    PPID CMD                         %CPU
 535300  535291 ps -eo pid,ppid,cmd,%cpu --  900
 535291  535290 /bin/bash /home/sufiyan/Dev 16.6
   4029    3615 kube-apiserver --advertise-  3.3
   4126    3681 kube-apiserver --advertise-  3.0
   3357    2350 /usr/bin/kubelet --bootstra  2.0
==================================
      SYSTEM INFORMATION
==================================

----- Hostname & OS Info -----
Hostname: sufiyan-HP-Notebook
OS Information:
PRETTY_NAME="Ubuntu 24.04.4 LTS"

----- Uptime -----
System Uptime:
up 2 days, 43 minutes

----- Disk Usage -----
Top 5 Largest Files/Directories:
201M	./opt
108K	./snap

----- Memory Usage -----
Memory Usage:
               total        used        free      shared  buff/cache   available
Mem:            11Gi       4.1Gi       2.7Gi       537Mi       5.6Gi       7.4Gi
Swap:          4.0Gi          0B       4.0Gi

----- Top CPU Processes -----
Top 5 CPU-Consuming Processes:
    PID    PPID CMD                         %CPU
 535899  535890 ps -eo pid,ppid,cmd,%cpu -- 1000
 535890  535889 /bin/bash /home/sufiyan/Dev 12.5
   4029    3615 kube-apiserver --advertise-  3.4
   4126    3681 kube-apiserver --advertise-  3.0
   3357    2350 /usr/bin/kubelet --bootstra  2.0
==================================
      SYSTEM INFORMATION
==================================

----- Hostname & OS Info -----
Hostname: sufiyan-HP-Notebook
OS Information:
PRETTY_NAME="Ubuntu 24.04.4 LTS"

----- Uptime -----
System Uptime:
up 2 days, 44 minutes

----- Disk Usage -----
Top 5 Largest Files/Directories:
201M	./opt
108K	./snap

----- Memory Usage -----
Memory Usage:
               total        used        free      shared  buff/cache   available
Mem:            11Gi       4.1Gi       2.7Gi       531Mi       5.6Gi       7.4Gi
Swap:          4.0Gi          0B       4.0Gi

----- Top CPU Processes -----
Top 5 CPU-Consuming Processes:
    PID    PPID CMD                         %CPU
 536474  536465 ps -eo pid,ppid,cmd,%cpu -- 1000
 536465  536464 /bin/bash /home/sufiyan/Dev 16.6
 536463  419177 /usr/sbin/CRON -f -P        11.1
   4029    3615 kube-apiserver --advertise-  3.4
   4126    3681 kube-apiserver --advertise-  3.0
==================================
      SYSTEM INFORMATION
==================================

----- Hostname & OS Info -----
Hostname: sufiyan-HP-Notebook
OS Information:
PRETTY_NAME="Ubuntu 24.04.4 LTS"

----- Uptime -----
System Uptime:
up 2 days, 45 minutes

----- Disk Usage -----
Top 5 Largest Files/Directories:
201M	./opt
108K	./snap

----- Memory Usage -----
Memory Usage:
               total        used        free      shared  buff/cache   available
Mem:            11Gi       4.1Gi       2.7Gi       531Mi       5.6Gi       7.4Gi
Swap:          4.0Gi          0B       4.0Gi

----- Top CPU Processes -----
Top 5 CPU-Consuming Processes:
    PID    PPID CMD                         %CPU
 537086  537077 ps -eo pid,ppid,cmd,%cpu --  500
 537077  537076 /bin/bash /home/sufiyan/Dev 16.6
   4029    3615 kube-apiserver --advertise-  3.4
   4126    3681 kube-apiserver --advertise-  3.0
   3357    2350 /usr/bin/kubelet --bootstra  2.0
==================================
      SYSTEM INFORMATION
==================================

----- Hostname & OS Info -----
Hostname: sufiyan-HP-Notebook
OS Information:
PRETTY_NAME="Ubuntu 24.04.4 LTS"

----- Uptime -----
System Uptime:
up 2 days, 46 minutes

----- Disk Usage -----
Top 5 Largest Files/Directories:
201M	./opt
108K	./snap

----- Memory Usage -----
Memory Usage:
               total        used        free      shared  buff/cache   available
Mem:            11Gi       4.1Gi       2.7Gi       531Mi       5.6Gi       7.4Gi
Swap:          4.0Gi          0B       4.0Gi

----- Top CPU Processes -----
Top 5 CPU-Consuming Processes:
    PID    PPID CMD                         %CPU
 537676  537667 ps -eo pid,ppid,cmd,%cpu --  300
   4029    3615 kube-apiserver --advertise-  3.4
   4126    3681 kube-apiserver --advertise-  3.0
   3357    2350 /usr/bin/kubelet --bootstra  2.0
   2836    2350 /usr/local/bin/containerd    1.5
==================================
      SYSTEM INFORMATION
==================================

----- Hostname & OS Info -----
Hostname: sufiyan-HP-Notebook
OS Information:
PRETTY_NAME="Ubuntu 24.04.4 LTS"

----- Uptime -----
System Uptime:
up 2 days, 47 minutes

----- Disk Usage -----
Top 5 Largest Files/Directories:
201M	./opt
108K	./snap

----- Memory Usage -----
Memory Usage:
               total        used        free      shared  buff/cache   available
Mem:            11Gi       4.1Gi       2.7Gi       531Mi       5.6Gi       7.4Gi
Swap:          4.0Gi          0B       4.0Gi

----- Top CPU Processes -----
Top 5 CPU-Consuming Processes:
    PID    PPID CMD                         %CPU
 538258  538249 ps -eo pid,ppid,cmd,%cpu --  200
   4029    3615 kube-apiserver --advertise-  3.4
   4126    3681 kube-apiserver --advertise-  3.0
   3357    2350 /usr/bin/kubelet --bootstra  2.0
   2836    2350 /usr/local/bin/containerd    1.5
==================================
      SYSTEM INFORMATION
==================================

----- Hostname & OS Info -----
Hostname: sufiyan-HP-Notebook
OS Information:
PRETTY_NAME="Ubuntu 24.04.4 LTS"

----- Uptime -----
System Uptime:
up 2 days, 48 minutes

----- Disk Usage -----
Top 5 Largest Files/Directories:
201M	./opt
108K	./snap

----- Memory Usage -----
Memory Usage:
               total        used        free      shared  buff/cache   available
Mem:            11Gi       4.1Gi       2.7Gi       531Mi       5.6Gi       7.4Gi
Swap:          4.0Gi          0B       4.0Gi

----- Top CPU Processes -----
Top 5 CPU-Consuming Processes:
    PID    PPID CMD                         %CPU
 538849  538840 ps -eo pid,ppid,cmd,%cpu --  300
   4029    3615 kube-apiserver --advertise-  3.4
   4126    3681 kube-apiserver --advertise-  3.0
   3357    2350 /usr/bin/kubelet --bootstra  2.0
   2836    2350 /usr/local/bin/containerd    1.6
==================================
      SYSTEM INFORMATION
==================================

----- Hostname & OS Info -----
Hostname: sufiyan-HP-Notebook
OS Information:
PRETTY_NAME="Ubuntu 24.04.4 LTS"

----- Uptime -----
System Uptime:
up 2 days, 49 minutes

----- Disk Usage -----
Top 5 Largest Files/Directories:
201M	./opt
108K	./snap

----- Memory Usage -----
Memory Usage:
               total        used        free      shared  buff/cache   available
Mem:            11Gi       4.1Gi       2.7Gi       531Mi       5.6Gi       7.4Gi
Swap:          4.0Gi          0B       4.0Gi

----- Top CPU Processes -----
Top 5 CPU-Consuming Processes:
    PID    PPID CMD                         %CPU
 539437  539428 ps -eo pid,ppid,cmd,%cpu --  600
   4029    3615 kube-apiserver --advertise-  3.4
   4126    3681 kube-apiserver --advertise-  3.0
   3357    2350 /usr/bin/kubelet --bootstra  2.0
   2836    2350 /usr/local/bin/containerd    1.6
==================================
      SYSTEM INFORMATION
==================================

----- Hostname & OS Info -----
Hostname: sufiyan-HP-Notebook
OS Information:
PRETTY_NAME="Ubuntu 24.04.4 LTS"

----- Uptime -----
System Uptime:
up 2 days, 50 minutes

----- Disk Usage -----
Top 5 Largest Files/Directories:
201M	./opt
108K	./snap

----- Memory Usage -----
Memory Usage:
               total        used        free      shared  buff/cache   available
Mem:            11Gi       4.1Gi       2.7Gi       547Mi       5.6Gi       7.4Gi
Swap:          4.0Gi          0B       4.0Gi

----- Top CPU Processes -----
Top 5 CPU-Consuming Processes:
    PID    PPID CMD                         %CPU
   4029    3615 kube-apiserver --advertise-  3.4
   4126    3681 kube-apiserver --advertise-  3.0
   3357    2350 /usr/bin/kubelet --bootstra  2.0
   2836    2350 /usr/local/bin/containerd    1.6
   4036    3628 etcd --advertise-client-url  1.5
==================================
      SYSTEM INFORMATION
==================================

----- Hostname & OS Info -----
Hostname: sufiyan-HP-Notebook
OS Information:
PRETTY_NAME="Ubuntu 24.04.4 LTS"

----- Uptime -----
System Uptime:
up 2 days, 51 minutes

----- Disk Usage -----
Top 5 Largest Files/Directories:
201M	./opt
108K	./snap

----- Memory Usage -----
Memory Usage:
               total        used        free      shared  buff/cache   available
Mem:            11Gi       4.2Gi       2.6Gi       568Mi       5.6Gi       7.4Gi
Swap:          4.0Gi          0B       4.0Gi

----- Top CPU Processes -----
Top 5 CPU-Consuming Processes:
    PID    PPID CMD                         %CPU
 540619  540610 ps -eo pid,ppid,cmd,%cpu --  500
 540610  540609 /bin/bash /home/sufiyan/Dev 16.6
   4029    3615 kube-apiserver --advertise-  3.4
   4126    3681 kube-apiserver --advertise-  3.0
   3357    2350 /usr/bin/kubelet --bootstra  2.0
==================================
      SYSTEM INFORMATION
==================================

----- Hostname & OS Info -----
Hostname: sufiyan-HP-Notebook
OS Information:
PRETTY_NAME="Ubuntu 24.04.4 LTS"

----- Uptime -----
System Uptime:
up 2 days, 52 minutes

----- Disk Usage -----
Top 5 Largest Files/Directories:
201M	./opt
108K	./snap

----- Memory Usage -----
Memory Usage:
               total        used        free      shared  buff/cache   available
Mem:            11Gi       4.1Gi       2.7Gi       568Mi       5.6Gi       7.4Gi
Swap:          4.0Gi          0B       4.0Gi

----- Top CPU Processes -----
Top 5 CPU-Consuming Processes:
    PID    PPID CMD                         %CPU
 541254  541245 ps -eo pid,ppid,cmd,%cpu --  900
   4029    3615 kube-apiserver --advertise-  3.4
   4126    3681 kube-apiserver --advertise-  3.0
   3357    2350 /usr/bin/kubelet --bootstra  2.0
   2836    2350 /usr/local/bin/containerd    1.6
==================================
      SYSTEM INFORMATION
==================================

----- Hostname & OS Info -----
Hostname: sufiyan-HP-Notebook
OS Information:
PRETTY_NAME="Ubuntu 24.04.4 LTS"

----- Uptime -----
System Uptime:
up 2 days, 53 minutes

----- Disk Usage -----
Top 5 Largest Files/Directories:
201M	./opt
108K	./snap

----- Memory Usage -----
Memory Usage:
               total        used        free      shared  buff/cache   available
Mem:            11Gi       4.2Gi       2.6Gi       568Mi       5.6Gi       7.4Gi
Swap:          4.0Gi          0B       4.0Gi

----- Top CPU Processes -----
Top 5 CPU-Consuming Processes:
    PID    PPID CMD                         %CPU
 541853  541844 ps -eo pid,ppid,cmd,%cpu -- 1100
 541844  541843 /bin/bash /home/sufiyan/Dev 16.6
   4029    3615 kube-apiserver --advertise-  3.4
   4126    3681 kube-apiserver --advertise-  3.0
   3357    2350 /usr/bin/kubelet --bootstra  2.0
==================================
      SYSTEM INFORMATION
==================================

----- Hostname & OS Info -----
Hostname: sufiyan-HP-Notebook
OS Information:
PRETTY_NAME="Ubuntu 24.04.4 LTS"

----- Uptime -----
System Uptime:
up 2 days, 54 minutes

----- Disk Usage -----
Top 5 Largest Files/Directories:
201M	./opt
108K	./snap

----- Memory Usage -----
Memory Usage:
               total        used        free      shared  buff/cache   available
Mem:            11Gi       4.2Gi       2.6Gi       568Mi       5.6Gi       7.4Gi
Swap:          4.0Gi          0B       4.0Gi

----- Top CPU Processes -----
Top 5 CPU-Consuming Processes:
    PID    PPID CMD                         %CPU
 542446  542437 ps -eo pid,ppid,cmd,%cpu --  300
   4029    3615 kube-apiserver --advertise-  3.4
   4126    3681 kube-apiserver --advertise-  3.0
   3357    2350 /usr/bin/kubelet --bootstra  2.0
   2836    2350 /usr/local/bin/containerd    1.6
==================================
      SYSTEM INFORMATION
==================================

----- Hostname & OS Info -----
Hostname: sufiyan-HP-Notebook
OS Information:
PRETTY_NAME="Ubuntu 24.04.4 LTS"

----- Uptime -----
System Uptime:
up 2 days, 55 minutes

----- Disk Usage -----
Top 5 Largest Files/Directories:
201M	./opt
108K	./snap

----- Memory Usage -----
Memory Usage:
               total        used        free      shared  buff/cache   available
Mem:            11Gi       4.1Gi       2.7Gi       568Mi       5.6Gi       7.4Gi
Swap:          4.0Gi          0B       4.0Gi

----- Top CPU Processes -----
Top 5 CPU-Consuming Processes:
    PID    PPID CMD                         %CPU
   4029    3615 kube-apiserver --advertise-  3.4
   4126    3681 kube-apiserver --advertise-  3.0
   3357    2350 /usr/bin/kubelet --bootstra  2.0
   2836    2350 /usr/local/bin/containerd    1.6
   4036    3628 etcd --advertise-client-url  1.5
==================================
      SYSTEM INFORMATION
==================================

----- Hostname & OS Info -----
Hostname: sufiyan-HP-Notebook
OS Information:
PRETTY_NAME="Ubuntu 24.04.4 LTS"

----- Uptime -----
System Uptime:
up 2 days, 56 minutes

----- Disk Usage -----
Top 5 Largest Files/Directories:
201M	./opt
108K	./snap

----- Memory Usage -----
Memory Usage:
               total        used        free      shared  buff/cache   available
Mem:            11Gi       4.1Gi       2.7Gi       568Mi       5.6Gi       7.4Gi
Swap:          4.0Gi          0B       4.0Gi

----- Top CPU Processes -----
Top 5 CPU-Consuming Processes:
    PID    PPID CMD                         %CPU
 543627  543617 ps -eo pid,ppid,cmd,%cpu --  500
 543614  419177 /usr/sbin/CRON -f -P        12.5
   4029    3615 kube-apiserver --advertise-  3.4
   4126    3681 kube-apiserver --advertise-  3.0
   3357    2350 /usr/bin/kubelet --bootstra  2.0
==================================
      SYSTEM INFORMATION
==================================

----- Hostname & OS Info -----
Hostname: sufiyan-HP-Notebook
OS Information:
PRETTY_NAME="Ubuntu 24.04.4 LTS"

----- Uptime -----
System Uptime:
up 2 days, 57 minutes

----- Disk Usage -----
Top 5 Largest Files/Directories:
201M	./opt
108K	./snap

----- Memory Usage -----
Memory Usage:
               total        used        free      shared  buff/cache   available
Mem:            11Gi       4.2Gi       2.6Gi       568Mi       5.6Gi       7.4Gi
Swap:          4.0Gi          0B       4.0Gi

----- Top CPU Processes -----
Top 5 CPU-Consuming Processes:
    PID    PPID CMD                         %CPU
 544226  544217 ps -eo pid,ppid,cmd,%cpu --  500
 544215  419177 /usr/sbin/CRON -f -P        12.5
   4029    3615 kube-apiserver --advertise-  3.4
   4126    3681 kube-apiserver --advertise-  3.1
   3357    2350 /usr/bin/kubelet --bootstra  2.0
==================================
      SYSTEM INFORMATION
==================================

----- Hostname & OS Info -----
Hostname: sufiyan-HP-Notebook
OS Information:
PRETTY_NAME="Ubuntu 24.04.4 LTS"

----- Uptime -----
System Uptime:
up 2 days, 58 minutes

----- Disk Usage -----
Top 5 Largest Files/Directories:
201M	./opt
108K	./snap

----- Memory Usage -----
Memory Usage:
               total        used        free      shared  buff/cache   available
Mem:            11Gi       4.1Gi       2.7Gi       568Mi       5.6Gi       7.4Gi
Swap:          4.0Gi          0B       4.0Gi

----- Top CPU Processes -----
Top 5 CPU-Consuming Processes:
    PID    PPID CMD                         %CPU
 544820  544811 ps -eo pid,ppid,cmd,%cpu --  250
   4029    3615 kube-apiserver --advertise-  3.4
   4126    3681 kube-apiserver --advertise-  3.1
 544804       1 /usr/libexec/nm-dispatcher   2.5
   3357    2350 /usr/bin/kubelet --bootstra  2.0
==================================
      SYSTEM INFORMATION
==================================

----- Hostname & OS Info -----
Hostname: sufiyan-HP-Notebook
OS Information:
PRETTY_NAME="Ubuntu 24.04.4 LTS"

----- Uptime -----
System Uptime:
up 2 days, 59 minutes

----- Disk Usage -----
Top 5 Largest Files/Directories:
201M	./opt
108K	./snap

----- Memory Usage -----
Memory Usage:
               total        used        free      shared  buff/cache   available
Mem:            11Gi       4.1Gi       2.7Gi       568Mi       5.6Gi       7.4Gi
Swap:          4.0Gi          0B       4.0Gi

----- Top CPU Processes -----
Top 5 CPU-Consuming Processes:
    PID    PPID CMD                         %CPU
 545420  545411 ps -eo pid,ppid,cmd,%cpu -- 1000
   4029    3615 kube-apiserver --advertise-  3.4
   4126    3681 kube-apiserver --advertise-  3.1
   3357    2350 /usr/bin/kubelet --bootstra  2.0
   2836    2350 /usr/local/bin/containerd    1.6
==================================
      SYSTEM INFORMATION
==================================

----- Hostname & OS Info -----
Hostname: sufiyan-HP-Notebook
OS Information:
PRETTY_NAME="Ubuntu 24.04.4 LTS"

----- Uptime -----
System Uptime:
up 2 days, 1 hour, 0 minutes

----- Disk Usage -----
Top 5 Largest Files/Directories:
201M	./opt
108K	./snap

----- Memory Usage -----
Memory Usage:
               total        used        free      shared  buff/cache   available
Mem:            11Gi       4.2Gi       2.6Gi       568Mi       5.6Gi       7.4Gi
Swap:          4.0Gi          0B       4.0Gi

----- Top CPU Processes -----
Top 5 CPU-Consuming Processes:
    PID    PPID CMD                         %CPU
   4029    3615 kube-apiserver --advertise-  3.4
   4126    3681 kube-apiserver --advertise-  3.1
   3357    2350 /usr/bin/kubelet --bootstra  2.0
   2836    2350 /usr/local/bin/containerd    1.6
   4036    3628 etcd --advertise-client-url  1.5
==================================
      SYSTEM INFORMATION
==================================

----- Hostname & OS Info -----
Hostname: sufiyan-HP-Notebook
OS Information:
PRETTY_NAME="Ubuntu 24.04.4 LTS"

----- Uptime -----
System Uptime:
up 2 days, 1 hour, 1 minute

----- Disk Usage -----
Top 5 Largest Files/Directories:
201M	./opt
108K	./snap

----- Memory Usage -----
Memory Usage:
               total        used        free      shared  buff/cache   available
Mem:            11Gi       4.2Gi       2.6Gi       568Mi       5.6Gi       7.4Gi
Swap:          4.0Gi          0B       4.0Gi

----- Top CPU Processes -----
Top 5 CPU-Consuming Processes:
    PID    PPID CMD                         %CPU
 546603  546594 ps -eo pid,ppid,cmd,%cpu --  550
 546594  546593 /bin/bash /home/sufiyan/Dev 12.5
 546592  419177 /usr/sbin/CRON -f -P         9.0
   4029    3615 kube-apiserver --advertise-  3.4
   4126    3681 kube-apiserver --advertise-  3.1
==================================
      SYSTEM INFORMATION
==================================

----- Hostname & OS Info -----
Hostname: sufiyan-HP-Notebook
OS Information:
PRETTY_NAME="Ubuntu 24.04.4 LTS"

----- Uptime -----
System Uptime:
up 2 days, 1 hour, 2 minutes

----- Disk Usage -----
Top 5 Largest Files/Directories:
201M	./opt
108K	./snap

----- Memory Usage -----
Memory Usage:
               total        used        free      shared  buff/cache   available
Mem:            11Gi       4.2Gi       2.6Gi       568Mi       5.6Gi       7.4Gi
Swap:          4.0Gi          0B       4.0Gi

----- Top CPU Processes -----
Top 5 CPU-Consuming Processes:
    PID    PPID CMD                         %CPU
 547199  547190 ps -eo pid,ppid,cmd,%cpu --  700
   4029    3615 kube-apiserver --advertise-  3.4
   4126    3681 kube-apiserver --advertise-  3.1
   3357    2350 /usr/bin/kubelet --bootstra  2.0
   2836    2350 /usr/local/bin/containerd    1.6
==================================
      SYSTEM INFORMATION
==================================

----- Hostname & OS Info -----
Hostname: sufiyan-HP-Notebook
OS Information:
PRETTY_NAME="Ubuntu 24.04.4 LTS"

----- Uptime -----
System Uptime:
up 2 days, 1 hour, 3 minutes

----- Disk Usage -----
Top 5 Largest Files/Directories:
201M	./opt
108K	./snap

----- Memory Usage -----
Memory Usage:
               total        used        free      shared  buff/cache   available
Mem:            11Gi       4.2Gi       2.6Gi       568Mi       5.6Gi       7.4Gi
Swap:          4.0Gi          0B       4.0Gi

----- Top CPU Processes -----
Top 5 CPU-Consuming Processes:
    PID    PPID CMD                         %CPU
 547783  547774 ps -eo pid,ppid,cmd,%cpu --  900
 547774  547773 /bin/bash /home/sufiyan/Dev 16.6
   4029    3615 kube-apiserver --advertise-  3.4
   4126    3681 kube-apiserver --advertise-  3.1
   3357    2350 /usr/bin/kubelet --bootstra  2.0
==================================
      SYSTEM INFORMATION
==================================

----- Hostname & OS Info -----
Hostname: sufiyan-HP-Notebook
OS Information:
PRETTY_NAME="Ubuntu 24.04.4 LTS"

----- Uptime -----
System Uptime:
up 2 days, 1 hour, 4 minutes

----- Disk Usage -----
Top 5 Largest Files/Directories:
201M	./opt
108K	./snap

----- Memory Usage -----
Memory Usage:
               total        used        free      shared  buff/cache   available
Mem:            11Gi       4.2Gi       2.6Gi       568Mi       5.6Gi       7.4Gi
Swap:          4.0Gi          0B       4.0Gi

----- Top CPU Processes -----
Top 5 CPU-Consuming Processes:
    PID    PPID CMD                         %CPU
 548393  548384 ps -eo pid,ppid,cmd,%cpu --  500
 548382  419177 /usr/sbin/CRON -f -P        14.2
   4029    3615 kube-apiserver --advertise-  3.4
 548377       1 /usr/libexec/nm-dispatcher   3.3
   4126    3681 kube-apiserver --advertise-  3.1
==================================
      SYSTEM INFORMATION
==================================

----- Hostname & OS Info -----
Hostname: sufiyan-HP-Notebook
OS Information:
PRETTY_NAME="Ubuntu 24.04.4 LTS"

----- Uptime -----
System Uptime:
up 2 days, 1 hour, 5 minutes

----- Disk Usage -----
Top 5 Largest Files/Directories:
201M	./opt
108K	./snap

----- Memory Usage -----
Memory Usage:
               total        used        free      shared  buff/cache   available
Mem:            11Gi       4.2Gi       2.6Gi       568Mi       5.6Gi       7.4Gi
Swap:          4.0Gi          0B       4.0Gi

----- Top CPU Processes -----
Top 5 CPU-Consuming Processes:
    PID    PPID CMD                         %CPU
 548983  548974 ps -eo pid,ppid,cmd,%cpu --  600
   4029    3615 kube-apiserver --advertise-  3.4
   4126    3681 kube-apiserver --advertise-  3.1
   3357    2350 /usr/bin/kubelet --bootstra  2.0
   2836    2350 /usr/local/bin/containerd    1.6
==================================
      SYSTEM INFORMATION
==================================

----- Hostname & OS Info -----
Hostname: sufiyan-HP-Notebook
OS Information:
PRETTY_NAME="Ubuntu 24.04.4 LTS"

----- Uptime -----
System Uptime:
up 2 days, 1 hour, 6 minutes

----- Disk Usage -----
Top 5 Largest Files/Directories:
201M	./opt
108K	./snap

----- Memory Usage -----
Memory Usage:
               total        used        free      shared  buff/cache   available
Mem:            11Gi       4.2Gi       2.6Gi       568Mi       5.6Gi       7.4Gi
Swap:          4.0Gi          0B       4.0Gi

----- Top CPU Processes -----
Top 5 CPU-Consuming Processes:
    PID    PPID CMD                         %CPU
 549572  549563 ps -eo pid,ppid,cmd,%cpu --  500
   4029    3615 kube-apiserver --advertise-  3.4
   4126    3681 kube-apiserver --advertise-  3.1
   3357    2350 /usr/bin/kubelet --bootstra  2.0
   2836    2350 /usr/local/bin/containerd    1.6
==================================
      SYSTEM INFORMATION
==================================

----- Hostname & OS Info -----
Hostname: sufiyan-HP-Notebook
OS Information:
PRETTY_NAME="Ubuntu 24.04.4 LTS"

----- Uptime -----
System Uptime:
up 2 days, 1 hour, 7 minutes

----- Disk Usage -----
Top 5 Largest Files/Directories:
201M	./opt
108K	./snap

----- Memory Usage -----
Memory Usage:
               total        used        free      shared  buff/cache   available
Mem:            11Gi       4.2Gi       2.6Gi       568Mi       5.6Gi       7.4Gi
Swap:          4.0Gi          0B       4.0Gi

----- Top CPU Processes -----
Top 5 CPU-Consuming Processes:
    PID    PPID CMD                         %CPU
 550157  550148 ps -eo pid,ppid,cmd,%cpu --  200
   4029    3615 kube-apiserver --advertise-  3.4
   4126    3681 kube-apiserver --advertise-  3.1
   3357    2350 /usr/bin/kubelet --bootstra  2.0
   2836    2350 /usr/local/bin/containerd    1.6
==================================
      SYSTEM INFORMATION
==================================

----- Hostname & OS Info -----
Hostname: sufiyan-HP-Notebook
OS Information:
PRETTY_NAME="Ubuntu 24.04.4 LTS"

----- Uptime -----
System Uptime:
up 2 days, 1 hour, 8 minutes

----- Disk Usage -----
Top 5 Largest Files/Directories:
201M	./opt
108K	./snap

----- Memory Usage -----
Memory Usage:
               total        used        free      shared  buff/cache   available
Mem:            11Gi       4.1Gi       2.6Gi       568Mi       5.6Gi       7.4Gi
Swap:          4.0Gi          0B       4.0Gi

----- Top CPU Processes -----
Top 5 CPU-Consuming Processes:
    PID    PPID CMD                         %CPU
 550735  550725 ps -eo pid,ppid,cmd,%cpu --  600
   4029    3615 kube-apiserver --advertise-  3.4
   4126    3681 kube-apiserver --advertise-  3.1
   3357    2350 /usr/bin/kubelet --bootstra  2.1
   2836    2350 /usr/local/bin/containerd    1.6
==================================
      SYSTEM INFORMATION
==================================

----- Hostname & OS Info -----
Hostname: sufiyan-HP-Notebook
OS Information:
PRETTY_NAME="Ubuntu 24.04.4 LTS"

----- Uptime -----
System Uptime:
up 2 days, 1 hour, 9 minutes

----- Disk Usage -----
Top 5 Largest Files/Directories:
201M	./opt
108K	./snap

----- Memory Usage -----
Memory Usage:
               total        used        free      shared  buff/cache   available
Mem:            11Gi       4.2Gi       2.6Gi       568Mi       5.6Gi       7.4Gi
Swap:          4.0Gi          0B       4.0Gi

----- Top CPU Processes -----
Top 5 CPU-Consuming Processes:
    PID    PPID CMD                         %CPU
 551337  551328 ps -eo pid,ppid,cmd,%cpu --  900
 551328  551327 /bin/bash /home/sufiyan/Dev 14.2
 551326  419177 /usr/sbin/CRON -f -P        10.0
   4029    3615 kube-apiserver --advertise-  3.4
   4126    3681 kube-apiserver --advertise-  3.1
==================================
      SYSTEM INFORMATION
==================================

----- Hostname & OS Info -----
Hostname: sufiyan-HP-Notebook
OS Information:
PRETTY_NAME="Ubuntu 24.04.4 LTS"

----- Uptime -----
System Uptime:
up 2 days, 1 hour, 10 minutes

----- Disk Usage -----
Top 5 Largest Files/Directories:
201M	./opt
108K	./snap

----- Memory Usage -----
Memory Usage:
               total        used        free      shared  buff/cache   available
Mem:            11Gi       4.2Gi       2.6Gi       568Mi       5.6Gi       7.4Gi
Swap:          4.0Gi          0B       4.0Gi

----- Top CPU Processes -----
Top 5 CPU-Consuming Processes:
    PID    PPID CMD                         %CPU
 551935  551926 ps -eo pid,ppid,cmd,%cpu --  800
 551926  551925 /bin/bash /home/sufiyan/Dev 16.6
   4029    3615 kube-apiserver --advertise-  3.4
   4126    3681 kube-apiserver --advertise-  3.1
   3357    2350 /usr/bin/kubelet --bootstra  2.1
==================================
      SYSTEM INFORMATION
==================================

----- Hostname & OS Info -----
Hostname: sufiyan-HP-Notebook
OS Information:
PRETTY_NAME="Ubuntu 24.04.4 LTS"

----- Uptime -----
System Uptime:
up 2 days, 1 hour, 11 minutes

----- Disk Usage -----
Top 5 Largest Files/Directories:
201M	./opt
108K	./snap

----- Memory Usage -----
Memory Usage:
               total        used        free      shared  buff/cache   available
Mem:            11Gi       4.2Gi       2.6Gi       568Mi       5.6Gi       7.4Gi
Swap:          4.0Gi          0B       4.0Gi

----- Top CPU Processes -----
Top 5 CPU-Consuming Processes:
    PID    PPID CMD                         %CPU
 552525  552516 ps -eo pid,ppid,cmd,%cpu --  900
 552516  552515 /bin/bash /home/sufiyan/Dev 16.6
   4029    3615 kube-apiserver --advertise-  3.4
   4126    3681 kube-apiserver --advertise-  3.1
   3357    2350 /usr/bin/kubelet --bootstra  2.1
==================================
      SYSTEM INFORMATION
==================================

----- Hostname & OS Info -----
Hostname: sufiyan-HP-Notebook
OS Information:
PRETTY_NAME="Ubuntu 24.04.4 LTS"

----- Uptime -----
System Uptime:
up 2 days, 1 hour, 12 minutes

----- Disk Usage -----
Top 5 Largest Files/Directories:
201M	./opt
108K	./snap

----- Memory Usage -----
Memory Usage:
               total        used        free      shared  buff/cache   available
Mem:            11Gi       4.2Gi       2.6Gi       568Mi       5.6Gi       7.4Gi
Swap:          4.0Gi          0B       4.0Gi

----- Top CPU Processes -----
Top 5 CPU-Consuming Processes:
    PID    PPID CMD                         %CPU
 553139  553130 ps -eo pid,ppid,cmd,%cpu --  400
   4029    3615 kube-apiserver --advertise-  3.4
   4126    3681 kube-apiserver --advertise-  3.1
   3357    2350 /usr/bin/kubelet --bootstra  2.1
   2836    2350 /usr/local/bin/containerd    1.6
==================================
      SYSTEM INFORMATION
==================================

----- Hostname & OS Info -----
Hostname: sufiyan-HP-Notebook
OS Information:
PRETTY_NAME="Ubuntu 24.04.4 LTS"

----- Uptime -----
System Uptime:
up 2 days, 1 hour, 13 minutes

----- Disk Usage -----
Top 5 Largest Files/Directories:
201M	./opt
108K	./snap

----- Memory Usage -----
Memory Usage:
               total        used        free      shared  buff/cache   available
Mem:            11Gi       4.2Gi       2.6Gi       568Mi       5.6Gi       7.4Gi
Swap:          4.0Gi          0B       4.0Gi

----- Top CPU Processes -----
Top 5 CPU-Consuming Processes:
    PID    PPID CMD                         %CPU
 553738  553729 ps -eo pid,ppid,cmd,%cpu --  600
 553727  419177 /usr/sbin/CRON -f -P        11.1
   4029    3615 kube-apiserver --advertise-  3.4
   4126    3681 kube-apiserver --advertise-  3.1
   3357    2350 /usr/bin/kubelet --bootstra  2.1
==================================
      SYSTEM INFORMATION
==================================

----- Hostname & OS Info -----
Hostname: sufiyan-HP-Notebook
OS Information:
PRETTY_NAME="Ubuntu 24.04.4 LTS"

----- Uptime -----
System Uptime:
up 2 days, 1 hour, 14 minutes

----- Disk Usage -----
Top 5 Largest Files/Directories:
201M	./opt
108K	./snap

----- Memory Usage -----
Memory Usage:
               total        used        free      shared  buff/cache   available
Mem:            11Gi       4.2Gi       2.6Gi       568Mi       5.6Gi       7.4Gi
Swap:          4.0Gi          0B       4.0Gi

----- Top CPU Processes -----
Top 5 CPU-Consuming Processes:
    PID    PPID CMD                         %CPU
 554322  554313 ps -eo pid,ppid,cmd,%cpu --  400
 554313  554312 /bin/bash /home/sufiyan/Dev 16.6
 554311  419177 /usr/sbin/CRON -f -P        11.1
   4029    3615 kube-apiserver --advertise-  3.4
   4126    3681 kube-apiserver --advertise-  3.1
==================================
      SYSTEM INFORMATION
==================================

----- Hostname & OS Info -----
Hostname: sufiyan-HP-Notebook
OS Information:
PRETTY_NAME="Ubuntu 24.04.4 LTS"

----- Uptime -----
System Uptime:
up 2 days, 1 hour, 15 minutes

----- Disk Usage -----
Top 5 Largest Files/Directories:
201M	./opt
108K	./snap

----- Memory Usage -----
Memory Usage:
               total        used        free      shared  buff/cache   available
Mem:            11Gi       4.2Gi       2.6Gi       570Mi       5.6Gi       7.4Gi
Swap:          4.0Gi          0B       4.0Gi

----- Top CPU Processes -----
Top 5 CPU-Consuming Processes:
    PID    PPID CMD                         %CPU
 555022  555013 ps -eo pid,ppid,cmd,%cpu --  400
 555013  555012 /bin/bash /home/sufiyan/Dev 20.0
   4029    3615 kube-apiserver --advertise-  3.4
   4126    3681 kube-apiserver --advertise-  3.1
   3357    2350 /usr/bin/kubelet --bootstra  2.1
==================================
      SYSTEM INFORMATION
==================================

----- Hostname & OS Info -----
Hostname: sufiyan-HP-Notebook
OS Information:
PRETTY_NAME="Ubuntu 24.04.4 LTS"

----- Uptime -----
System Uptime:
up 2 days, 1 hour, 16 minutes

----- Disk Usage -----
Top 5 Largest Files/Directories:
201M	./opt
108K	./snap

----- Memory Usage -----
Memory Usage:
               total        used        free      shared  buff/cache   available
Mem:            11Gi       4.2Gi       2.6Gi       568Mi       5.7Gi       7.4Gi
Swap:          4.0Gi          0B       4.0Gi

----- Top CPU Processes -----
Top 5 CPU-Consuming Processes:
    PID    PPID CMD                         %CPU
 555725  555715 ps -eo pid,ppid,cmd,%cpu --  500
   4029    3615 kube-apiserver --advertise-  3.4
   4126    3681 kube-apiserver --advertise-  3.1
   3357    2350 /usr/bin/kubelet --bootstra  2.1
   2836    2350 /usr/local/bin/containerd    1.6
==================================
      SYSTEM INFORMATION
==================================

----- Hostname & OS Info -----
Hostname: sufiyan-HP-Notebook
OS Information:
PRETTY_NAME="Ubuntu 24.04.4 LTS"

----- Uptime -----
System Uptime:
up 2 days, 1 hour, 17 minutes

----- Disk Usage -----
Top 5 Largest Files/Directories:
201M	./opt
108K	./snap

----- Memory Usage -----
Memory Usage:
               total        used        free      shared  buff/cache   available
Mem:            11Gi       4.2Gi       2.6Gi       568Mi       5.7Gi       7.4Gi
Swap:          4.0Gi          0B       4.0Gi

----- Top CPU Processes -----
Top 5 CPU-Consuming Processes:
    PID    PPID CMD                         %CPU
 556299  556290 ps -eo pid,ppid,cmd,%cpu --  300
 556290  556289 /bin/bash /home/sufiyan/Dev 16.6
   4029    3615 kube-apiserver --advertise-  3.4
   4126    3681 kube-apiserver --advertise-  3.1
   3357    2350 /usr/bin/kubelet --bootstra  2.1
==================================
      SYSTEM INFORMATION
==================================

----- Hostname & OS Info -----
Hostname: sufiyan-HP-Notebook
OS Information:
PRETTY_NAME="Ubuntu 24.04.4 LTS"

----- Uptime -----
System Uptime:
up 2 days, 1 hour, 18 minutes

----- Disk Usage -----
Top 5 Largest Files/Directories:
201M	./opt
108K	./snap

----- Memory Usage -----
Memory Usage:
               total        used        free      shared  buff/cache   available
Mem:            11Gi       4.2Gi       2.6Gi       568Mi       5.7Gi       7.4Gi
Swap:          4.0Gi          0B       4.0Gi

----- Top CPU Processes -----
Top 5 CPU-Consuming Processes:
    PID    PPID CMD                         %CPU
 556887  556878 ps -eo pid,ppid,cmd,%cpu --  500
   4029    3615 kube-apiserver --advertise-  3.5
   4126    3681 kube-apiserver --advertise-  3.1
   3357    2350 /usr/bin/kubelet --bootstra  2.1
   2836    2350 /usr/local/bin/containerd    1.6
==================================
      SYSTEM INFORMATION
==================================

----- Hostname & OS Info -----
Hostname: sufiyan-HP-Notebook
OS Information:
PRETTY_NAME="Ubuntu 24.04.4 LTS"

----- Uptime -----
System Uptime:
up 2 days, 1 hour, 19 minutes

----- Disk Usage -----
Top 5 Largest Files/Directories:
201M	./opt
108K	./snap

----- Memory Usage -----
Memory Usage:
               total        used        free      shared  buff/cache   available
Mem:            11Gi       4.2Gi       2.6Gi       568Mi       5.7Gi       7.4Gi
Swap:          4.0Gi          0B       4.0Gi

----- Top CPU Processes -----
Top 5 CPU-Consuming Processes:
    PID    PPID CMD                         %CPU
 557468  557459 ps -eo pid,ppid,cmd,%cpu --  400
 557459  557458 /bin/bash /home/sufiyan/Dev 16.6
   4029    3615 kube-apiserver --advertise-  3.5
   4126    3681 kube-apiserver --advertise-  3.1
   3357    2350 /usr/bin/kubelet --bootstra  2.1
==================================
      SYSTEM INFORMATION
==================================

----- Hostname & OS Info -----
Hostname: sufiyan-HP-Notebook
OS Information:
PRETTY_NAME="Ubuntu 24.04.4 LTS"

----- Uptime -----
System Uptime:
up 2 days, 1 hour, 20 minutes

----- Disk Usage -----
Top 5 Largest Files/Directories:
201M	./opt
108K	./snap

----- Memory Usage -----
Memory Usage:
               total        used        free      shared  buff/cache   available
Mem:            11Gi       4.2Gi       2.6Gi       568Mi       5.7Gi       7.4Gi
Swap:          4.0Gi          0B       4.0Gi

----- Top CPU Processes -----
Top 5 CPU-Consuming Processes:
    PID    PPID CMD                         %CPU
 558067  558058 ps -eo pid,ppid,cmd,%cpu --  600
 558056  419177 /usr/sbin/CRON -f -P        12.5
   4029    3615 kube-apiserver --advertise-  3.5
   4126    3681 kube-apiserver --advertise-  3.1
   3357    2350 /usr/bin/kubelet --bootstra  2.1
==================================
      SYSTEM INFORMATION
==================================

----- Hostname & OS Info -----
Hostname: sufiyan-HP-Notebook
OS Information:
PRETTY_NAME="Ubuntu 24.04.4 LTS"

----- Uptime -----
System Uptime:
up 2 days, 1 hour, 21 minutes

----- Disk Usage -----
Top 5 Largest Files/Directories:
201M	./opt
108K	./snap

----- Memory Usage -----
Memory Usage:
               total        used        free      shared  buff/cache   available
Mem:            11Gi       4.2Gi       2.6Gi       568Mi       5.7Gi       7.4Gi
Swap:          4.0Gi          0B       4.0Gi

----- Top CPU Processes -----
Top 5 CPU-Consuming Processes:
    PID    PPID CMD                         %CPU
 558665  558656 ps -eo pid,ppid,cmd,%cpu --  250
 558656  558655 /bin/bash /home/sufiyan/Dev 14.2
 558653  419177 /usr/sbin/CRON -f -P        10.0
   4029    3615 kube-apiserver --advertise-  3.5
   4126    3681 kube-apiserver --advertise-  3.1
==================================
      SYSTEM INFORMATION
==================================

----- Hostname & OS Info -----
Hostname: sufiyan-HP-Notebook
OS Information:
PRETTY_NAME="Ubuntu 24.04.4 LTS"

----- Uptime -----
System Uptime:
up 2 days, 1 hour, 22 minutes

----- Disk Usage -----
Top 5 Largest Files/Directories:
201M	./opt
108K	./snap

----- Memory Usage -----
Memory Usage:
               total        used        free      shared  buff/cache   available
Mem:            11Gi       4.2Gi       2.6Gi       568Mi       5.7Gi       7.4Gi
Swap:          4.0Gi          0B       4.0Gi

----- Top CPU Processes -----
Top 5 CPU-Consuming Processes:
    PID    PPID CMD                         %CPU
 559259  559250 ps -eo pid,ppid,cmd,%cpu --  300
   4029    3615 kube-apiserver --advertise-  3.5
   4126    3681 kube-apiserver --advertise-  3.1
   3357    2350 /usr/bin/kubelet --bootstra  2.1
   2836    2350 /usr/local/bin/containerd    1.6
==================================
      SYSTEM INFORMATION
==================================

----- Hostname & OS Info -----
Hostname: sufiyan-HP-Notebook
OS Information:
PRETTY_NAME="Ubuntu 24.04.4 LTS"

----- Uptime -----
System Uptime:
up 2 days, 1 hour, 23 minutes

----- Disk Usage -----
Top 5 Largest Files/Directories:
201M	./opt
108K	./snap

----- Memory Usage -----
Memory Usage:
               total        used        free      shared  buff/cache   available
Mem:            11Gi       4.2Gi       2.6Gi       568Mi       5.7Gi       7.4Gi
Swap:          4.0Gi          0B       4.0Gi

----- Top CPU Processes -----
Top 5 CPU-Consuming Processes:
    PID    PPID CMD                         %CPU
 559846  559837 ps -eo pid,ppid,cmd,%cpu --  600
 559835  419177 /usr/sbin/CRON -f -P        12.5
   4029    3615 kube-apiserver --advertise-  3.5
   4126    3681 kube-apiserver --advertise-  3.1
   3357    2350 /usr/bin/kubelet --bootstra  2.1
==================================
      SYSTEM INFORMATION
==================================

----- Hostname & OS Info -----
Hostname: sufiyan-HP-Notebook
OS Information:
PRETTY_NAME="Ubuntu 24.04.4 LTS"

----- Uptime -----
System Uptime:
up 2 days, 1 hour, 24 minutes

----- Disk Usage -----
Top 5 Largest Files/Directories:
201M	./opt
108K	./snap

----- Memory Usage -----
Memory Usage:
               total        used        free      shared  buff/cache   available
Mem:            11Gi       4.2Gi       2.6Gi       568Mi       5.7Gi       7.4Gi
Swap:          4.0Gi          0B       4.0Gi

----- Top CPU Processes -----
Top 5 CPU-Consuming Processes:
    PID    PPID CMD                         %CPU
 560439  560430 ps -eo pid,ppid,cmd,%cpu --  500
   4029    3615 kube-apiserver --advertise-  3.5
   4126    3681 kube-apiserver --advertise-  3.1
   3357    2350 /usr/bin/kubelet --bootstra  2.1
   2836    2350 /usr/local/bin/containerd    1.6
==================================
      SYSTEM INFORMATION
==================================

----- Hostname & OS Info -----
Hostname: sufiyan-HP-Notebook
OS Information:
PRETTY_NAME="Ubuntu 24.04.4 LTS"

----- Uptime -----
System Uptime:
up 2 days, 1 hour, 25 minutes

----- Disk Usage -----
Top 5 Largest Files/Directories:
201M	./opt
108K	./snap

----- Memory Usage -----
Memory Usage:
               total        used        free      shared  buff/cache   available
Mem:            11Gi       4.2Gi       2.6Gi       568Mi       5.7Gi       7.4Gi
Swap:          4.0Gi          0B       4.0Gi

----- Top CPU Processes -----
Top 5 CPU-Consuming Processes:
    PID    PPID CMD                         %CPU
 561022  561013 ps -eo pid,ppid,cmd,%cpu --  500
   4029    3615 kube-apiserver --advertise-  3.5
   4126    3681 kube-apiserver --advertise-  3.1
   3357    2350 /usr/bin/kubelet --bootstra  2.1
   2836    2350 /usr/local/bin/containerd    1.6
==================================
      SYSTEM INFORMATION
==================================

----- Hostname & OS Info -----
Hostname: sufiyan-HP-Notebook
OS Information:
PRETTY_NAME="Ubuntu 24.04.4 LTS"

----- Uptime -----
System Uptime:
up 2 days, 1 hour, 26 minutes

----- Disk Usage -----
Top 5 Largest Files/Directories:
201M	./opt
108K	./snap

----- Memory Usage -----
Memory Usage:
               total        used        free      shared  buff/cache   available
Mem:            11Gi       4.2Gi       2.6Gi       568Mi       5.7Gi       7.4Gi
Swap:          4.0Gi          0B       4.0Gi

----- Top CPU Processes -----
Top 5 CPU-Consuming Processes:
    PID    PPID CMD                         %CPU
 561615  561605 ps -eo pid,ppid,cmd,%cpu --  700
 561605  561604 /bin/bash /home/sufiyan/Dev 16.6
   4029    3615 kube-apiserver --advertise-  3.5
   4126    3681 kube-apiserver --advertise-  3.1
   3357    2350 /usr/bin/kubelet --bootstra  2.1
==================================
      SYSTEM INFORMATION
==================================

----- Hostname & OS Info -----
Hostname: sufiyan-HP-Notebook
OS Information:
PRETTY_NAME="Ubuntu 24.04.4 LTS"

----- Uptime -----
System Uptime:
up 2 days, 1 hour, 27 minutes

----- Disk Usage -----
Top 5 Largest Files/Directories:
201M	./opt
108K	./snap

----- Memory Usage -----
Memory Usage:
               total        used        free      shared  buff/cache   available
Mem:            11Gi       4.2Gi       2.6Gi       568Mi       5.7Gi       7.4Gi
Swap:          4.0Gi          0B       4.0Gi

----- Top CPU Processes -----
Top 5 CPU-Consuming Processes:
    PID    PPID CMD                         %CPU
 562197  562188 ps -eo pid,ppid,cmd,%cpu --  500
   4029    3615 kube-apiserver --advertise-  3.5
   4126    3681 kube-apiserver --advertise-  3.1
   3357    2350 /usr/bin/kubelet --bootstra  2.1
   2836    2350 /usr/local/bin/containerd    1.6
==================================
      SYSTEM INFORMATION
==================================

----- Hostname & OS Info -----
Hostname: sufiyan-HP-Notebook
OS Information:
PRETTY_NAME="Ubuntu 24.04.4 LTS"

----- Uptime -----
System Uptime:
up 2 days, 1 hour, 28 minutes

----- Disk Usage -----
Top 5 Largest Files/Directories:
201M	./opt
108K	./snap

----- Memory Usage -----
Memory Usage:
               total        used        free      shared  buff/cache   available
Mem:            11Gi       4.2Gi       2.6Gi       568Mi       5.7Gi       7.4Gi
Swap:          4.0Gi          0B       4.0Gi

----- Top CPU Processes -----
Top 5 CPU-Consuming Processes:
    PID    PPID CMD                         %CPU
 562781  562772 ps -eo pid,ppid,cmd,%cpu --  700
   4029    3615 kube-apiserver --advertise-  3.5
   4126    3681 kube-apiserver --advertise-  3.1
   3357    2350 /usr/bin/kubelet --bootstra  2.1
   2836    2350 /usr/local/bin/containerd    1.6
==================================
      SYSTEM INFORMATION
==================================

----- Hostname & OS Info -----
Hostname: sufiyan-HP-Notebook
OS Information:
PRETTY_NAME="Ubuntu 24.04.4 LTS"

----- Uptime -----
System Uptime:
up 2 days, 1 hour, 29 minutes

----- Disk Usage -----
Top 5 Largest Files/Directories:
201M	./opt
108K	./snap

----- Memory Usage -----
Memory Usage:
               total        used        free      shared  buff/cache   available
Mem:            11Gi       4.2Gi       2.6Gi       568Mi       5.7Gi       7.4Gi
Swap:          4.0Gi          0B       4.0Gi

----- Top CPU Processes -----
Top 5 CPU-Consuming Processes:
    PID    PPID CMD                         %CPU
   4029    3615 kube-apiserver --advertise-  3.5
   4126    3681 kube-apiserver --advertise-  3.1
   3357    2350 /usr/bin/kubelet --bootstra  2.1
   2836    2350 /usr/local/bin/containerd    1.6
   4036    3628 etcd --advertise-client-url  1.5
==================================
      SYSTEM INFORMATION
==================================

----- Hostname & OS Info -----
Hostname: sufiyan-HP-Notebook
OS Information:
PRETTY_NAME="Ubuntu 24.04.4 LTS"

----- Uptime -----
System Uptime:
up 2 days, 1 hour, 30 minutes

----- Disk Usage -----
Top 5 Largest Files/Directories:
201M	./opt
108K	./snap

----- Memory Usage -----
Memory Usage:
               total        used        free      shared  buff/cache   available
Mem:            11Gi       4.2Gi       2.6Gi       569Mi       5.7Gi       7.4Gi
Swap:          4.0Gi          0B       4.0Gi

----- Top CPU Processes -----
Top 5 CPU-Consuming Processes:
    PID    PPID CMD                         %CPU
 563948  563939 ps -eo pid,ppid,cmd,%cpu --  500
 563937  419177 /usr/sbin/CRON -f -P        12.5
   4029    3615 kube-apiserver --advertise-  3.5
   4126    3681 kube-apiserver --advertise-  3.1
   3357    2350 /usr/bin/kubelet --bootstra  2.1
==================================
      SYSTEM INFORMATION
==================================

----- Hostname & OS Info -----
Hostname: sufiyan-HP-Notebook
OS Information:
PRETTY_NAME="Ubuntu 24.04.4 LTS"

----- Uptime -----
System Uptime:
up 2 days, 1 hour, 31 minutes

----- Disk Usage -----
Top 5 Largest Files/Directories:
201M	./opt
108K	./snap

----- Memory Usage -----
Memory Usage:
               total        used        free      shared  buff/cache   available
Mem:            11Gi       4.2Gi       2.6Gi       569Mi       5.7Gi       7.4Gi
Swap:          4.0Gi          0B       4.0Gi

----- Top CPU Processes -----
Top 5 CPU-Consuming Processes:
    PID    PPID CMD                         %CPU
 564553  564544 ps -eo pid,ppid,cmd,%cpu --  500
 564544  564543 /bin/bash /home/sufiyan/Dev 20.0
   4029    3615 kube-apiserver --advertise-  3.5
   4126    3681 kube-apiserver --advertise-  3.1
   3357    2350 /usr/bin/kubelet --bootstra  2.1
==================================
      SYSTEM INFORMATION
==================================

----- Hostname & OS Info -----
Hostname: sufiyan-HP-Notebook
OS Information:
PRETTY_NAME="Ubuntu 24.04.4 LTS"

----- Uptime -----
System Uptime:
up 2 days, 1 hour, 32 minutes

----- Disk Usage -----
Top 5 Largest Files/Directories:
201M	./opt
108K	./snap

----- Memory Usage -----
Memory Usage:
               total        used        free      shared  buff/cache   available
Mem:            11Gi       4.2Gi       2.6Gi       569Mi       5.7Gi       7.4Gi
Swap:          4.0Gi          0B       4.0Gi

----- Top CPU Processes -----
Top 5 CPU-Consuming Processes:
    PID    PPID CMD                         %CPU
 565152  565143 ps -eo pid,ppid,cmd,%cpu --  150
 565143  565142 /bin/bash /home/sufiyan/Dev 12.5
 565141  419177 /usr/sbin/CRON -f -P        10.0
   4029    3615 kube-apiserver --advertise-  3.5
   4126    3681 kube-apiserver --advertise-  3.1
==================================
      SYSTEM INFORMATION
==================================

----- Hostname & OS Info -----
Hostname: sufiyan-HP-Notebook
OS Information:
PRETTY_NAME="Ubuntu 24.04.4 LTS"

----- Uptime -----
System Uptime:
up 2 days, 1 hour, 33 minutes

----- Disk Usage -----
Top 5 Largest Files/Directories:
201M	./opt
108K	./snap

----- Memory Usage -----
Memory Usage:
               total        used        free      shared  buff/cache   available
Mem:            11Gi       4.2Gi       2.6Gi       569Mi       5.7Gi       7.4Gi
Swap:          4.0Gi          0B       4.0Gi

----- Top CPU Processes -----
Top 5 CPU-Consuming Processes:
    PID    PPID CMD                         %CPU
 565729  565720 ps -eo pid,ppid,cmd,%cpu --  600
   4029    3615 kube-apiserver --advertise-  3.5
   4126    3681 kube-apiserver --advertise-  3.1
   3357    2350 /usr/bin/kubelet --bootstra  2.1
   2836    2350 /usr/local/bin/containerd    1.6
==================================
      SYSTEM INFORMATION
==================================

----- Hostname & OS Info -----
Hostname: sufiyan-HP-Notebook
OS Information:
PRETTY_NAME="Ubuntu 24.04.4 LTS"

----- Uptime -----
System Uptime:
up 2 days, 1 hour, 34 minutes

----- Disk Usage -----
Top 5 Largest Files/Directories:
201M	./opt
108K	./snap

----- Memory Usage -----
Memory Usage:
               total        used        free      shared  buff/cache   available
Mem:            11Gi       4.2Gi       2.6Gi       569Mi       5.7Gi       7.4Gi
Swap:          4.0Gi          0B       4.0Gi

----- Top CPU Processes -----
Top 5 CPU-Consuming Processes:
    PID    PPID CMD                         %CPU
   4029    3615 kube-apiserver --advertise-  3.5
   4126    3681 kube-apiserver --advertise-  3.1
   3357    2350 /usr/bin/kubelet --bootstra  2.1
   2836    2350 /usr/local/bin/containerd    1.6
   4036    3628 etcd --advertise-client-url  1.5
==================================
      SYSTEM INFORMATION
==================================

----- Hostname & OS Info -----
Hostname: sufiyan-HP-Notebook
OS Information:
PRETTY_NAME="Ubuntu 24.04.4 LTS"

----- Uptime -----
System Uptime:
up 2 days, 1 hour, 35 minutes

----- Disk Usage -----
Top 5 Largest Files/Directories:
201M	./opt
108K	./snap

----- Memory Usage -----
Memory Usage:
               total        used        free      shared  buff/cache   available
Mem:            11Gi       4.2Gi       2.6Gi       569Mi       5.7Gi       7.4Gi
Swap:          4.0Gi          0B       4.0Gi

----- Top CPU Processes -----
Top 5 CPU-Consuming Processes:
    PID    PPID CMD                         %CPU
 566912  566903 ps -eo pid,ppid,cmd,%cpu --  400
   4029    3615 kube-apiserver --advertise-  3.5
   4126    3681 kube-apiserver --advertise-  3.1
   3357    2350 /usr/bin/kubelet --bootstra  2.1
   2836    2350 /usr/local/bin/containerd    1.6
==================================
      SYSTEM INFORMATION
==================================

----- Hostname & OS Info -----
Hostname: sufiyan-HP-Notebook
OS Information:
PRETTY_NAME="Ubuntu 24.04.4 LTS"

----- Uptime -----
System Uptime:
up 2 days, 1 hour, 36 minutes

----- Disk Usage -----
Top 5 Largest Files/Directories:
201M	./opt
108K	./snap

----- Memory Usage -----
Memory Usage:
               total        used        free      shared  buff/cache   available
Mem:            11Gi       4.1Gi       2.6Gi       569Mi       5.7Gi       7.4Gi
Swap:          4.0Gi          0B       4.0Gi

----- Top CPU Processes -----
Top 5 CPU-Consuming Processes:
    PID    PPID CMD                         %CPU
 567504  567495 ps -eo pid,ppid,cmd,%cpu --  500
 567491  419177 /usr/sbin/CRON -f -P        12.5
   4029    3615 kube-apiserver --advertise-  3.5
   4126    3681 kube-apiserver --advertise-  3.1
   3357    2350 /usr/bin/kubelet --bootstra  2.1
==================================
      SYSTEM INFORMATION
==================================

----- Hostname & OS Info -----
Hostname: sufiyan-HP-Notebook
OS Information:
PRETTY_NAME="Ubuntu 24.04.4 LTS"

----- Uptime -----
System Uptime:
up 2 days, 1 hour, 37 minutes

----- Disk Usage -----
Top 5 Largest Files/Directories:
201M	./opt
108K	./snap

----- Memory Usage -----
Memory Usage:
               total        used        free      shared  buff/cache   available
Mem:            11Gi       4.2Gi       2.6Gi       569Mi       5.7Gi       7.4Gi
Swap:          4.0Gi          0B       4.0Gi

----- Top CPU Processes -----
Top 5 CPU-Consuming Processes:
    PID    PPID CMD                         %CPU
 568099  568089 ps -eo pid,ppid,cmd,%cpu --  400
   4029    3615 kube-apiserver --advertise-  3.5
   4126    3681 kube-apiserver --advertise-  3.1
   3357    2350 /usr/bin/kubelet --bootstra  2.1
   2836    2350 /usr/local/bin/containerd    1.6
==================================
      SYSTEM INFORMATION
==================================

----- Hostname & OS Info -----
Hostname: sufiyan-HP-Notebook
OS Information:
PRETTY_NAME="Ubuntu 24.04.4 LTS"

----- Uptime -----
System Uptime:
up 2 days, 1 hour, 38 minutes

----- Disk Usage -----
Top 5 Largest Files/Directories:
201M	./opt
108K	./snap

----- Memory Usage -----
Memory Usage:
               total        used        free      shared  buff/cache   available
Mem:            11Gi       4.2Gi       2.6Gi       569Mi       5.7Gi       7.4Gi
Swap:          4.0Gi          0B       4.0Gi

----- Top CPU Processes -----
Top 5 CPU-Consuming Processes:
    PID    PPID CMD                         %CPU
 568679  568670 ps -eo pid,ppid,cmd,%cpu --  600
   4029    3615 kube-apiserver --advertise-  3.5
   4126    3681 kube-apiserver --advertise-  3.2
   3357    2350 /usr/bin/kubelet --bootstra  2.1
   2836    2350 /usr/local/bin/containerd    1.6
==================================
      SYSTEM INFORMATION
==================================

----- Hostname & OS Info -----
Hostname: sufiyan-HP-Notebook
OS Information:
PRETTY_NAME="Ubuntu 24.04.4 LTS"

----- Uptime -----
System Uptime:
up 2 days, 1 hour, 39 minutes

----- Disk Usage -----
Top 5 Largest Files/Directories:
201M	./opt
108K	./snap

----- Memory Usage -----
Memory Usage:
               total        used        free      shared  buff/cache   available
Mem:            11Gi       4.2Gi       2.6Gi       569Mi       5.7Gi       7.4Gi
Swap:          4.0Gi          0B       4.0Gi

----- Top CPU Processes -----
Top 5 CPU-Consuming Processes:
    PID    PPID CMD                         %CPU
 569270  569261 ps -eo pid,ppid,cmd,%cpu --  500
   4029    3615 kube-apiserver --advertise-  3.5
   4126    3681 kube-apiserver --advertise-  3.2
   3357    2350 /usr/bin/kubelet --bootstra  2.1
   2836    2350 /usr/local/bin/containerd    1.6
==================================
      SYSTEM INFORMATION
==================================

----- Hostname & OS Info -----
Hostname: sufiyan-HP-Notebook
OS Information:
PRETTY_NAME="Ubuntu 24.04.4 LTS"

----- Uptime -----
System Uptime:
up 2 days, 1 hour, 40 minutes

----- Disk Usage -----
Top 5 Largest Files/Directories:
201M	./opt
108K	./snap

----- Memory Usage -----
Memory Usage:
               total        used        free      shared  buff/cache   available
Mem:            11Gi       4.2Gi       2.6Gi       569Mi       5.7Gi       7.4Gi
Swap:          4.0Gi          0B       4.0Gi

----- Top CPU Processes -----
Top 5 CPU-Consuming Processes:
    PID    PPID CMD                         %CPU
 569855  569846 ps -eo pid,ppid,cmd,%cpu --  400
 569844  419177 /usr/sbin/CRON -f -P        12.5
   4029    3615 kube-apiserver --advertise-  3.5
   4126    3681 kube-apiserver --advertise-  3.2
   3357    2350 /usr/bin/kubelet --bootstra  2.1
==================================
      SYSTEM INFORMATION
==================================

----- Hostname & OS Info -----
Hostname: sufiyan-HP-Notebook
OS Information:
PRETTY_NAME="Ubuntu 24.04.4 LTS"

----- Uptime -----
System Uptime:
up 2 days, 1 hour, 41 minutes

----- Disk Usage -----
Top 5 Largest Files/Directories:
201M	./opt
108K	./snap

----- Memory Usage -----
Memory Usage:
               total        used        free      shared  buff/cache   available
Mem:            11Gi       4.2Gi       2.6Gi       569Mi       5.7Gi       7.4Gi
Swap:          4.0Gi          0B       4.0Gi

----- Top CPU Processes -----
Top 5 CPU-Consuming Processes:
    PID    PPID CMD                         %CPU
 570438  570429 ps -eo pid,ppid,cmd,%cpu --  400
 570429  570428 /bin/bash /home/sufiyan/Dev 14.2
   4029    3615 kube-apiserver --advertise-  3.5
   4126    3681 kube-apiserver --advertise-  3.2
   3357    2350 /usr/bin/kubelet --bootstra  2.1
==================================
      SYSTEM INFORMATION
==================================

----- Hostname & OS Info -----
Hostname: sufiyan-HP-Notebook
OS Information:
PRETTY_NAME="Ubuntu 24.04.4 LTS"

----- Uptime -----
System Uptime:
up 2 days, 1 hour, 42 minutes

----- Disk Usage -----
Top 5 Largest Files/Directories:
201M	./opt
108K	./snap

----- Memory Usage -----
Memory Usage:
               total        used        free      shared  buff/cache   available
Mem:            11Gi       4.2Gi       2.6Gi       569Mi       5.7Gi       7.4Gi
Swap:          4.0Gi          0B       4.0Gi

----- Top CPU Processes -----
Top 5 CPU-Consuming Processes:
    PID    PPID CMD                         %CPU
 571038  571029 ps -eo pid,ppid,cmd,%cpu --  500
 571029  571028 /bin/bash /home/sufiyan/Dev 16.6
 571027  419177 /usr/sbin/CRON -f -P        12.5
   4029    3615 kube-apiserver --advertise-  3.5
   4126    3681 kube-apiserver --advertise-  3.2
==================================
      SYSTEM INFORMATION
==================================

----- Hostname & OS Info -----
Hostname: sufiyan-HP-Notebook
OS Information:
PRETTY_NAME="Ubuntu 24.04.4 LTS"

----- Uptime -----
System Uptime:
up 2 days, 1 hour, 43 minutes

----- Disk Usage -----
Top 5 Largest Files/Directories:
201M	./opt
108K	./snap

----- Memory Usage -----
Memory Usage:
               total        used        free      shared  buff/cache   available
Mem:            11Gi       4.1Gi       2.6Gi       569Mi       5.7Gi       7.4Gi
Swap:          4.0Gi          0B       4.0Gi

----- Top CPU Processes -----
Top 5 CPU-Consuming Processes:
    PID    PPID CMD                         %CPU
 571609  571600 ps -eo pid,ppid,cmd,%cpu --  400
   4029    3615 kube-apiserver --advertise-  3.5
   4126    3681 kube-apiserver --advertise-  3.2
   3357    2350 /usr/bin/kubelet --bootstra  2.1
   2836    2350 /usr/local/bin/containerd    1.6
==================================
      SYSTEM INFORMATION
==================================

----- Hostname & OS Info -----
Hostname: sufiyan-HP-Notebook
OS Information:
PRETTY_NAME="Ubuntu 24.04.4 LTS"

----- Uptime -----
System Uptime:
up 2 days, 1 hour, 44 minutes

----- Disk Usage -----
Top 5 Largest Files/Directories:
201M	./opt
108K	./snap

----- Memory Usage -----
Memory Usage:
               total        used        free      shared  buff/cache   available
Mem:            11Gi       4.2Gi       2.6Gi       569Mi       5.7Gi       7.4Gi
Swap:          4.0Gi          0B       4.0Gi

----- Top CPU Processes -----
Top 5 CPU-Consuming Processes:
    PID    PPID CMD                         %CPU
 572205  572194 ps -eo pid,ppid,cmd,%cpu --  300
 572204       1 /usr/libexec/nm-dispatcher   200
   4029    3615 kube-apiserver --advertise-  3.5
   4126    3681 kube-apiserver --advertise-  3.2
   3357    2350 /usr/bin/kubelet --bootstra  2.1
==================================
      SYSTEM INFORMATION
==================================

----- Hostname & OS Info -----
Hostname: sufiyan-HP-Notebook
OS Information:
PRETTY_NAME="Ubuntu 24.04.4 LTS"

----- Uptime -----
System Uptime:
up 2 days, 1 hour, 45 minutes

----- Disk Usage -----
Top 5 Largest Files/Directories:
201M	./opt
108K	./snap

----- Memory Usage -----
Memory Usage:
               total        used        free      shared  buff/cache   available
Mem:            11Gi       4.2Gi       2.6Gi       569Mi       5.7Gi       7.4Gi
Swap:          4.0Gi          0B       4.0Gi

----- Top CPU Processes -----
Top 5 CPU-Consuming Processes:
    PID    PPID CMD                         %CPU
 572801  572792 ps -eo pid,ppid,cmd,%cpu --  600
 572792  572791 /bin/bash /home/sufiyan/Dev 16.6
 572790  419177 /usr/sbin/CRON -f -P        11.1
   4029    3615 kube-apiserver --advertise-  3.5
   4126    3681 kube-apiserver --advertise-  3.2
==================================
      SYSTEM INFORMATION
==================================

----- Hostname & OS Info -----
Hostname: sufiyan-HP-Notebook
OS Information:
PRETTY_NAME="Ubuntu 24.04.4 LTS"

----- Uptime -----
System Uptime:
up 2 days, 1 hour, 46 minutes

----- Disk Usage -----
Top 5 Largest Files/Directories:
201M	./opt
108K	./snap

----- Memory Usage -----
Memory Usage:
               total        used        free      shared  buff/cache   available
Mem:            11Gi       4.1Gi       2.6Gi       569Mi       5.7Gi       7.4Gi
Swap:          4.0Gi          0B       4.0Gi

----- Top CPU Processes -----
Top 5 CPU-Consuming Processes:
    PID    PPID CMD                         %CPU
 573381  573371 ps -eo pid,ppid,cmd,%cpu --  600
   4029    3615 kube-apiserver --advertise-  3.5
   4126    3681 kube-apiserver --advertise-  3.2
   3357    2350 /usr/bin/kubelet --bootstra  2.1
   2836    2350 /usr/local/bin/containerd    1.6
==================================
      SYSTEM INFORMATION
==================================

----- Hostname & OS Info -----
Hostname: sufiyan-HP-Notebook
OS Information:
PRETTY_NAME="Ubuntu 24.04.4 LTS"

----- Uptime -----
System Uptime:
up 2 days, 1 hour, 47 minutes

----- Disk Usage -----
Top 5 Largest Files/Directories:
201M	./opt
108K	./snap

----- Memory Usage -----
Memory Usage:
               total        used        free      shared  buff/cache   available
Mem:            11Gi       4.2Gi       2.6Gi       569Mi       5.7Gi       7.4Gi
Swap:          4.0Gi          0B       4.0Gi

----- Top CPU Processes -----
Top 5 CPU-Consuming Processes:
    PID    PPID CMD                         %CPU
 573975  573965 ps -eo pid,ppid,cmd,%cpu --  350
   4029    3615 kube-apiserver --advertise-  3.5
   4126    3681 kube-apiserver --advertise-  3.2
   3357    2350 /usr/bin/kubelet --bootstra  2.1
   2836    2350 /usr/local/bin/containerd    1.6
==================================
      SYSTEM INFORMATION
==================================

----- Hostname & OS Info -----
Hostname: sufiyan-HP-Notebook
OS Information:
PRETTY_NAME="Ubuntu 24.04.4 LTS"

----- Uptime -----
System Uptime:
up 2 days, 1 hour, 48 minutes

----- Disk Usage -----
Top 5 Largest Files/Directories:
201M	./opt
108K	./snap

----- Memory Usage -----
Memory Usage:
               total        used        free      shared  buff/cache   available
Mem:            11Gi       4.2Gi       2.6Gi       569Mi       5.7Gi       7.4Gi
Swap:          4.0Gi          0B       4.0Gi

----- Top CPU Processes -----
Top 5 CPU-Consuming Processes:
    PID    PPID CMD                         %CPU
 574563  574554 ps -eo pid,ppid,cmd,%cpu --  500
   4029    3615 kube-apiserver --advertise-  3.5
   4126    3681 kube-apiserver --advertise-  3.2
   3357    2350 /usr/bin/kubelet --bootstra  2.1
   2836    2350 /usr/local/bin/containerd    1.6
==================================
      SYSTEM INFORMATION
==================================

----- Hostname & OS Info -----
Hostname: sufiyan-HP-Notebook
OS Information:
PRETTY_NAME="Ubuntu 24.04.4 LTS"

----- Uptime -----
System Uptime:
up 2 days, 1 hour, 49 minutes

----- Disk Usage -----
Top 5 Largest Files/Directories:
201M	./opt
108K	./snap

----- Memory Usage -----
Memory Usage:
               total        used        free      shared  buff/cache   available
Mem:            11Gi       4.2Gi       2.6Gi       569Mi       5.7Gi       7.4Gi
Swap:          4.0Gi          0B       4.0Gi

----- Top CPU Processes -----
Top 5 CPU-Consuming Processes:
    PID    PPID CMD                         %CPU
 575132  575123 ps -eo pid,ppid,cmd,%cpu --  300
 575123  575122 /bin/bash /home/sufiyan/Dev 20.0
   4029    3615 kube-apiserver --advertise-  3.5
   4126    3681 kube-apiserver --advertise-  3.2
   3357    2350 /usr/bin/kubelet --bootstra  2.1
==================================
      SYSTEM INFORMATION
==================================

----- Hostname & OS Info -----
Hostname: sufiyan-HP-Notebook
OS Information:
PRETTY_NAME="Ubuntu 24.04.4 LTS"

----- Uptime -----
System Uptime:
up 2 days, 1 hour, 50 minutes

----- Disk Usage -----
Top 5 Largest Files/Directories:
201M	./opt
108K	./snap

----- Memory Usage -----
Memory Usage:
               total        used        free      shared  buff/cache   available
Mem:            11Gi       4.2Gi       2.6Gi       568Mi       5.7Gi       7.4Gi
Swap:          4.0Gi          0B       4.0Gi

----- Top CPU Processes -----
Top 5 CPU-Consuming Processes:
    PID    PPID CMD                         %CPU
 575738  575729 ps -eo pid,ppid,cmd,%cpu --  500
   4029    3615 kube-apiserver --advertise-  3.5
   4126    3681 kube-apiserver --advertise-  3.2
   3357    2350 /usr/bin/kubelet --bootstra  2.1
   2836    2350 /usr/local/bin/containerd    1.6
==================================
      SYSTEM INFORMATION
==================================

----- Hostname & OS Info -----
Hostname: sufiyan-HP-Notebook
OS Information:
PRETTY_NAME="Ubuntu 24.04.4 LTS"

----- Uptime -----
System Uptime:
up 2 days, 1 hour, 51 minutes

----- Disk Usage -----
Top 5 Largest Files/Directories:
201M	./opt
108K	./snap

----- Memory Usage -----
Memory Usage:
               total        used        free      shared  buff/cache   available
Mem:            11Gi       4.2Gi       2.6Gi       568Mi       5.7Gi       7.4Gi
Swap:          4.0Gi          0B       4.0Gi

----- Top CPU Processes -----
Top 5 CPU-Consuming Processes:
    PID    PPID CMD                         %CPU
 576340  576331 ps -eo pid,ppid,cmd,%cpu --  500
   4029    3615 kube-apiserver --advertise-  3.5
   4126    3681 kube-apiserver --advertise-  3.2
   3357    2350 /usr/bin/kubelet --bootstra  2.1
   2836    2350 /usr/local/bin/containerd    1.6
==================================
      SYSTEM INFORMATION
==================================

----- Hostname & OS Info -----
Hostname: sufiyan-HP-Notebook
OS Information:
PRETTY_NAME="Ubuntu 24.04.4 LTS"

----- Uptime -----
System Uptime:
up 2 days, 1 hour, 52 minutes

----- Disk Usage -----
Top 5 Largest Files/Directories:
201M	./opt
108K	./snap

----- Memory Usage -----
Memory Usage:
               total        used        free      shared  buff/cache   available
Mem:            11Gi       4.1Gi       2.6Gi       568Mi       5.7Gi       7.4Gi
Swap:          4.0Gi          0B       4.0Gi

----- Top CPU Processes -----
Top 5 CPU-Consuming Processes:
    PID    PPID CMD                         %CPU
 576914  576905 ps -eo pid,ppid,cmd,%cpu --  300
 576905  576904 /bin/bash /home/sufiyan/Dev 16.6
   4029    3615 kube-apiserver --advertise-  3.5
   4126    3681 kube-apiserver --advertise-  3.2
   3357    2350 /usr/bin/kubelet --bootstra  2.1
==================================
      SYSTEM INFORMATION
==================================

----- Hostname & OS Info -----
Hostname: sufiyan-HP-Notebook
OS Information:
PRETTY_NAME="Ubuntu 24.04.4 LTS"

----- Uptime -----
System Uptime:
up 2 days, 1 hour, 53 minutes

----- Disk Usage -----
Top 5 Largest Files/Directories:
201M	./opt
108K	./snap

----- Memory Usage -----
Memory Usage:
               total        used        free      shared  buff/cache   available
Mem:            11Gi       4.2Gi       2.6Gi       568Mi       5.7Gi       7.4Gi
Swap:          4.0Gi          0B       4.0Gi

----- Top CPU Processes -----
Top 5 CPU-Consuming Processes:
    PID    PPID CMD                         %CPU
 577498  577489 ps -eo pid,ppid,cmd,%cpu --  400
   4029    3615 kube-apiserver --advertise-  3.5
   4126    3681 kube-apiserver --advertise-  3.2
   3357    2350 /usr/bin/kubelet --bootstra  2.1
   2836    2350 /usr/local/bin/containerd    1.6
==================================
      SYSTEM INFORMATION
==================================

----- Hostname & OS Info -----
Hostname: sufiyan-HP-Notebook
OS Information:
PRETTY_NAME="Ubuntu 24.04.4 LTS"

----- Uptime -----
System Uptime:
up 2 days, 1 hour, 54 minutes

----- Disk Usage -----
Top 5 Largest Files/Directories:
201M	./opt
108K	./snap

----- Memory Usage -----
Memory Usage:
               total        used        free      shared  buff/cache   available
Mem:            11Gi       4.2Gi       2.6Gi       568Mi       5.7Gi       7.4Gi
Swap:          4.0Gi          0B       4.0Gi

----- Top CPU Processes -----
Top 5 CPU-Consuming Processes:
    PID    PPID CMD                         %CPU
 578109  578100 ps -eo pid,ppid,cmd,%cpu --  900
 578100  578099 /bin/bash /home/sufiyan/Dev 16.6
   4029    3615 kube-apiserver --advertise-  3.5
   4126    3681 kube-apiserver --advertise-  3.2
   3357    2350 /usr/bin/kubelet --bootstra  2.1
==================================
      SYSTEM INFORMATION
==================================

----- Hostname & OS Info -----
Hostname: sufiyan-HP-Notebook
OS Information:
PRETTY_NAME="Ubuntu 24.04.4 LTS"

----- Uptime -----
System Uptime:
up 2 days, 1 hour, 55 minutes

----- Disk Usage -----
Top 5 Largest Files/Directories:
201M	./opt
108K	./snap

----- Memory Usage -----
Memory Usage:
               total        used        free      shared  buff/cache   available
Mem:            11Gi       4.2Gi       2.6Gi       568Mi       5.7Gi       7.4Gi
Swap:          4.0Gi          0B       4.0Gi

----- Top CPU Processes -----
Top 5 CPU-Consuming Processes:
    PID    PPID CMD                         %CPU
 578697  578688 ps -eo pid,ppid,cmd,%cpu -- 1000
 578686  419177 /usr/sbin/CRON -f -P        11.1
   4029    3615 kube-apiserver --advertise-  3.5
   4126    3681 kube-apiserver --advertise-  3.2
   3357    2350 /usr/bin/kubelet --bootstra  2.1
==================================
      SYSTEM INFORMATION
==================================

----- Hostname & OS Info -----
Hostname: sufiyan-HP-Notebook
OS Information:
PRETTY_NAME="Ubuntu 24.04.4 LTS"

----- Uptime -----
System Uptime:
up 2 days, 1 hour, 56 minutes

----- Disk Usage -----
Top 5 Largest Files/Directories:
201M	./opt
108K	./snap

----- Memory Usage -----
Memory Usage:
               total        used        free      shared  buff/cache   available
Mem:            11Gi       4.2Gi       2.6Gi       568Mi       5.7Gi       7.4Gi
Swap:          4.0Gi          0B       4.0Gi

----- Top CPU Processes -----
Top 5 CPU-Consuming Processes:
    PID    PPID CMD                         %CPU
 579293  579283 ps -eo pid,ppid,cmd,%cpu -- 1000
 579283  579281 /bin/bash /home/sufiyan/Dev 10.0
 579280  419177 /usr/sbin/CRON -f -P         8.3
   4029    3615 kube-apiserver --advertise-  3.5
   4126    3681 kube-apiserver --advertise-  3.2
==================================
      SYSTEM INFORMATION
==================================

----- Hostname & OS Info -----
Hostname: sufiyan-HP-Notebook
OS Information:
PRETTY_NAME="Ubuntu 24.04.4 LTS"

----- Uptime -----
System Uptime:
up 2 days, 1 hour, 57 minutes

----- Disk Usage -----
Top 5 Largest Files/Directories:
201M	./opt
108K	./snap

----- Memory Usage -----
Memory Usage:
               total        used        free      shared  buff/cache   available
Mem:            11Gi       4.2Gi       2.6Gi       568Mi       5.7Gi       7.4Gi
Swap:          4.0Gi          0B       4.0Gi

----- Top CPU Processes -----
Top 5 CPU-Consuming Processes:
    PID    PPID CMD                         %CPU
 579888  579879 ps -eo pid,ppid,cmd,%cpu --  500
 579879  579878 /bin/bash /home/sufiyan/Dev 14.2
   4029    3615 kube-apiserver --advertise-  3.6
   4126    3681 kube-apiserver --advertise-  3.2
   3357    2350 /usr/bin/kubelet --bootstra  2.1
==================================
      SYSTEM INFORMATION
==================================

----- Hostname & OS Info -----
Hostname: sufiyan-HP-Notebook
OS Information:
PRETTY_NAME="Ubuntu 24.04.4 LTS"

----- Uptime -----
System Uptime:
up 2 days, 1 hour, 58 minutes

----- Disk Usage -----
Top 5 Largest Files/Directories:
201M	./opt
108K	./snap

----- Memory Usage -----
Memory Usage:
               total        used        free      shared  buff/cache   available
Mem:            11Gi       4.2Gi       2.6Gi       569Mi       5.7Gi       7.4Gi
Swap:          4.0Gi          0B       4.0Gi

----- Top CPU Processes -----
Top 5 CPU-Consuming Processes:
    PID    PPID CMD                         %CPU
 580492  580483 ps -eo pid,ppid,cmd,%cpu --  500
   4029    3615 kube-apiserver --advertise-  3.6
   4126    3681 kube-apiserver --advertise-  3.2
   3357    2350 /usr/bin/kubelet --bootstra  2.1
   2836    2350 /usr/local/bin/containerd    1.6
==================================
      SYSTEM INFORMATION
==================================

----- Hostname & OS Info -----
Hostname: sufiyan-HP-Notebook
OS Information:
PRETTY_NAME="Ubuntu 24.04.4 LTS"

----- Uptime -----
System Uptime:
up 2 days, 1 hour, 59 minutes

----- Disk Usage -----
Top 5 Largest Files/Directories:
201M	./opt
108K	./snap

----- Memory Usage -----
Memory Usage:
               total        used        free      shared  buff/cache   available
Mem:            11Gi       4.2Gi       2.6Gi       569Mi       5.7Gi       7.4Gi
Swap:          4.0Gi          0B       4.0Gi

----- Top CPU Processes -----
Top 5 CPU-Consuming Processes:
    PID    PPID CMD                         %CPU
 581075  581066 ps -eo pid,ppid,cmd,%cpu --  200
   4029    3615 kube-apiserver --advertise-  3.6
   4126    3681 kube-apiserver --advertise-  3.2
   3357    2350 /usr/bin/kubelet --bootstra  2.1
   2836    2350 /usr/local/bin/containerd    1.6
==================================
      SYSTEM INFORMATION
==================================

----- Hostname & OS Info -----
Hostname: sufiyan-HP-Notebook
OS Information:
PRETTY_NAME="Ubuntu 24.04.4 LTS"

----- Uptime -----
System Uptime:
up 2 days, 2 hours, 0 minutes

----- Disk Usage -----
Top 5 Largest Files/Directories:
201M	./opt
108K	./snap

----- Memory Usage -----
Memory Usage:
               total        used        free      shared  buff/cache   available
Mem:            11Gi       4.1Gi       2.6Gi       569Mi       5.7Gi       7.4Gi
Swap:          4.0Gi          0B       4.0Gi

----- Top CPU Processes -----
Top 5 CPU-Consuming Processes:
    PID    PPID CMD                         %CPU
 581656  581647 ps -eo pid,ppid,cmd,%cpu --  500
 581645  419177 /usr/sbin/CRON -f -P        12.5
   4029    3615 kube-apiserver --advertise-  3.6
   4126    3681 kube-apiserver --advertise-  3.2
   3357    2350 /usr/bin/kubelet --bootstra  2.1
==================================
      SYSTEM INFORMATION
==================================

----- Hostname & OS Info -----
Hostname: sufiyan-HP-Notebook
OS Information:
PRETTY_NAME="Ubuntu 24.04.4 LTS"

----- Uptime -----
System Uptime:
up 2 days, 2 hours, 1 minute

----- Disk Usage -----
Top 5 Largest Files/Directories:
201M	./opt
108K	./snap

----- Memory Usage -----
Memory Usage:
               total        used        free      shared  buff/cache   available
Mem:            11Gi       4.2Gi       2.6Gi       568Mi       5.7Gi       7.4Gi
Swap:          4.0Gi          0B       4.0Gi

----- Top CPU Processes -----
Top 5 CPU-Consuming Processes:
    PID    PPID CMD                         %CPU
 582262  582253 ps -eo pid,ppid,cmd,%cpu --  800
 582251  419177 /usr/sbin/CRON -f -P        14.2
 582253  582252 /bin/bash /home/sufiyan/Dev 10.0
   4029    3615 kube-apiserver --advertise-  3.6
   4126    3681 kube-apiserver --advertise-  3.2
==================================
      SYSTEM INFORMATION
==================================

----- Hostname & OS Info -----
Hostname: sufiyan-HP-Notebook
OS Information:
PRETTY_NAME="Ubuntu 24.04.4 LTS"

----- Uptime -----
System Uptime:
up 2 days, 2 hours, 2 minutes

----- Disk Usage -----
Top 5 Largest Files/Directories:
201M	./opt
108K	./snap

----- Memory Usage -----
Memory Usage:
               total        used        free      shared  buff/cache   available
Mem:            11Gi       4.2Gi       2.6Gi       568Mi       5.7Gi       7.4Gi
Swap:          4.0Gi          0B       4.0Gi

----- Top CPU Processes -----
Top 5 CPU-Consuming Processes:
    PID    PPID CMD                         %CPU
 582838  582829 ps -eo pid,ppid,cmd,%cpu --  900
 582829  582828 /bin/bash /home/sufiyan/Dev 16.6
   4029    3615 kube-apiserver --advertise-  3.6
   4126    3681 kube-apiserver --advertise-  3.2
   3357    2350 /usr/bin/kubelet --bootstra  2.1
==================================
      SYSTEM INFORMATION
==================================

----- Hostname & OS Info -----
Hostname: sufiyan-HP-Notebook
OS Information:
PRETTY_NAME="Ubuntu 24.04.4 LTS"

----- Uptime -----
System Uptime:
up 2 days, 2 hours, 3 minutes

----- Disk Usage -----
Top 5 Largest Files/Directories:
201M	./opt
108K	./snap

----- Memory Usage -----
Memory Usage:
               total        used        free      shared  buff/cache   available
Mem:            11Gi       4.2Gi       2.6Gi       569Mi       5.7Gi       7.4Gi
Swap:          4.0Gi          0B       4.0Gi

----- Top CPU Processes -----
Top 5 CPU-Consuming Processes:
    PID    PPID CMD                         %CPU
 583417  583408 ps -eo pid,ppid,cmd,%cpu --  450
 583408  583407 /bin/bash /home/sufiyan/Dev 14.2
   4029    3615 kube-apiserver --advertise-  3.6
   4126    3681 kube-apiserver --advertise-  3.2
   3357    2350 /usr/bin/kubelet --bootstra  2.1
==================================
      SYSTEM INFORMATION
==================================

----- Hostname & OS Info -----
Hostname: sufiyan-HP-Notebook
OS Information:
PRETTY_NAME="Ubuntu 24.04.4 LTS"

----- Uptime -----
System Uptime:
up 2 days, 2 hours, 4 minutes

----- Disk Usage -----
Top 5 Largest Files/Directories:
201M	./opt
108K	./snap

----- Memory Usage -----
Memory Usage:
               total        used        free      shared  buff/cache   available
Mem:            11Gi       4.2Gi       2.6Gi       569Mi       5.7Gi       7.4Gi
Swap:          4.0Gi          0B       4.0Gi

----- Top CPU Processes -----
Top 5 CPU-Consuming Processes:
    PID    PPID CMD                         %CPU
 584020  584011 ps -eo pid,ppid,cmd,%cpu --  900
 584009  419177 /usr/sbin/CRON -f -P        11.1
   4029    3615 kube-apiserver --advertise-  3.6
   4126    3681 kube-apiserver --advertise-  3.2
   3357    2350 /usr/bin/kubelet --bootstra  2.1
==================================
      SYSTEM INFORMATION
==================================

----- Hostname & OS Info -----
Hostname: sufiyan-HP-Notebook
OS Information:
PRETTY_NAME="Ubuntu 24.04.4 LTS"

----- Uptime -----
System Uptime:
up 2 days, 2 hours, 5 minutes

----- Disk Usage -----
Top 5 Largest Files/Directories:
201M	./opt
108K	./snap

----- Memory Usage -----
Memory Usage:
               total        used        free      shared  buff/cache   available
Mem:            11Gi       4.2Gi       2.6Gi       569Mi       5.7Gi       7.4Gi
Swap:          4.0Gi          0B       4.0Gi

----- Top CPU Processes -----
Top 5 CPU-Consuming Processes:
    PID    PPID CMD                         %CPU
 584613  584604 ps -eo pid,ppid,cmd,%cpu --  800
 584604  584603 /bin/bash /home/sufiyan/Dev 16.6
 584602  419177 /usr/sbin/CRON -f -P        12.5
   4029    3615 kube-apiserver --advertise-  3.6
   4126    3681 kube-apiserver --advertise-  3.2
==================================
      SYSTEM INFORMATION
==================================

----- Hostname & OS Info -----
Hostname: sufiyan-HP-Notebook
OS Information:
PRETTY_NAME="Ubuntu 24.04.4 LTS"

----- Uptime -----
System Uptime:
up 2 days, 2 hours, 6 minutes

----- Disk Usage -----
Top 5 Largest Files/Directories:
201M	./opt
108K	./snap

----- Memory Usage -----
Memory Usage:
               total        used        free      shared  buff/cache   available
Mem:            11Gi       4.2Gi       2.6Gi       569Mi       5.7Gi       7.4Gi
Swap:          4.0Gi          0B       4.0Gi

----- Top CPU Processes -----
Top 5 CPU-Consuming Processes:
    PID    PPID CMD                         %CPU
 585203  585193 ps -eo pid,ppid,cmd,%cpu --  500
 585190  419177 /usr/sbin/CRON -f -P         9.0
   4029    3615 kube-apiserver --advertise-  3.6
   4126    3681 kube-apiserver --advertise-  3.2
   3357    2350 /usr/bin/kubelet --bootstra  2.1
==================================
      SYSTEM INFORMATION
==================================

----- Hostname & OS Info -----
Hostname: sufiyan-HP-Notebook
OS Information:
PRETTY_NAME="Ubuntu 24.04.4 LTS"

----- Uptime -----
System Uptime:
up 2 days, 2 hours, 7 minutes

----- Disk Usage -----
Top 5 Largest Files/Directories:
201M	./opt
108K	./snap

----- Memory Usage -----
Memory Usage:
               total        used        free      shared  buff/cache   available
Mem:            11Gi       4.2Gi       2.6Gi       569Mi       5.7Gi       7.4Gi
Swap:          4.0Gi          0B       4.0Gi

----- Top CPU Processes -----
Top 5 CPU-Consuming Processes:
    PID    PPID CMD                         %CPU
 585798  585789 ps -eo pid,ppid,cmd,%cpu --  900
   4029    3615 kube-apiserver --advertise-  3.6
   4126    3681 kube-apiserver --advertise-  3.2
   3357    2350 /usr/bin/kubelet --bootstra  2.1
   2836    2350 /usr/local/bin/containerd    1.7
==================================
      SYSTEM INFORMATION
==================================

----- Hostname & OS Info -----
Hostname: sufiyan-HP-Notebook
OS Information:
PRETTY_NAME="Ubuntu 24.04.4 LTS"

----- Uptime -----
System Uptime:
up 2 days, 2 hours, 8 minutes

----- Disk Usage -----
Top 5 Largest Files/Directories:
201M	./opt
108K	./snap

----- Memory Usage -----
Memory Usage:
               total        used        free      shared  buff/cache   available
Mem:            11Gi       4.2Gi       2.6Gi       569Mi       5.7Gi       7.4Gi
Swap:          4.0Gi          0B       4.0Gi

----- Top CPU Processes -----
Top 5 CPU-Consuming Processes:
    PID    PPID CMD                         %CPU
 586397  586387 ps -eo pid,ppid,cmd,%cpu -- 1000
 586387  586386 /bin/bash /home/sufiyan/Dev 16.6
 586384  419177 /usr/sbin/CRON -f -P        11.1
   4029    3615 kube-apiserver --advertise-  3.6
   4126    3681 kube-apiserver --advertise-  3.2
==================================
      SYSTEM INFORMATION
==================================

----- Hostname & OS Info -----
Hostname: sufiyan-HP-Notebook
OS Information:
PRETTY_NAME="Ubuntu 24.04.4 LTS"

----- Uptime -----
System Uptime:
up 2 days, 2 hours, 9 minutes

----- Disk Usage -----
Top 5 Largest Files/Directories:
201M	./opt
108K	./snap

----- Memory Usage -----
Memory Usage:
               total        used        free      shared  buff/cache   available
Mem:            11Gi       4.2Gi       2.6Gi       569Mi       5.7Gi       7.4Gi
Swap:          4.0Gi          0B       4.0Gi

----- Top CPU Processes -----
Top 5 CPU-Consuming Processes:
    PID    PPID CMD                         %CPU
 586988  586979 ps -eo pid,ppid,cmd,%cpu --  500
 586979  586978 /bin/bash /home/sufiyan/Dev 14.2
   4029    3615 kube-apiserver --advertise-  3.6
   4126    3681 kube-apiserver --advertise-  3.2
   3357    2350 /usr/bin/kubelet --bootstra  2.1
==================================
      SYSTEM INFORMATION
==================================

----- Hostname & OS Info -----
Hostname: sufiyan-HP-Notebook
OS Information:
PRETTY_NAME="Ubuntu 24.04.4 LTS"

----- Uptime -----
System Uptime:
up 2 days, 2 hours, 10 minutes

----- Disk Usage -----
Top 5 Largest Files/Directories:
201M	./opt
108K	./snap

----- Memory Usage -----
Memory Usage:
               total        used        free      shared  buff/cache   available
Mem:            11Gi       4.2Gi       2.6Gi       569Mi       5.7Gi       7.4Gi
Swap:          4.0Gi          0B       4.0Gi

----- Top CPU Processes -----
Top 5 CPU-Consuming Processes:
    PID    PPID CMD                         %CPU
 587588  587579 ps -eo pid,ppid,cmd,%cpu --  400
 587577  419177 /usr/sbin/CRON -f -P        11.1
   4029    3615 kube-apiserver --advertise-  3.6
   4126    3681 kube-apiserver --advertise-  3.2
   3357    2350 /usr/bin/kubelet --bootstra  2.2
==================================
      SYSTEM INFORMATION
==================================

----- Hostname & OS Info -----
Hostname: sufiyan-HP-Notebook
OS Information:
PRETTY_NAME="Ubuntu 24.04.4 LTS"

----- Uptime -----
System Uptime:
up 2 days, 2 hours, 11 minutes

----- Disk Usage -----
Top 5 Largest Files/Directories:
201M	./opt
108K	./snap

----- Memory Usage -----
Memory Usage:
               total        used        free      shared  buff/cache   available
Mem:            11Gi       4.2Gi       2.6Gi       569Mi       5.7Gi       7.4Gi
Swap:          4.0Gi          0B       4.0Gi

----- Top CPU Processes -----
Top 5 CPU-Consuming Processes:
    PID    PPID CMD                         %CPU
 588199  588190 ps -eo pid,ppid,cmd,%cpu --  900
 588190  588189 /bin/bash /home/sufiyan/Dev 16.6
   4029    3615 kube-apiserver --advertise-  3.6
   4126    3681 kube-apiserver --advertise-  3.2
   3357    2350 /usr/bin/kubelet --bootstra  2.2
==================================
      SYSTEM INFORMATION
==================================

----- Hostname & OS Info -----
Hostname: sufiyan-HP-Notebook
OS Information:
PRETTY_NAME="Ubuntu 24.04.4 LTS"

----- Uptime -----
System Uptime:
up 2 days, 2 hours, 12 minutes

----- Disk Usage -----
Top 5 Largest Files/Directories:
201M	./opt
108K	./snap

----- Memory Usage -----
Memory Usage:
               total        used        free      shared  buff/cache   available
Mem:            11Gi       4.2Gi       2.6Gi       569Mi       5.7Gi       7.4Gi
Swap:          4.0Gi          0B       4.0Gi

----- Top CPU Processes -----
Top 5 CPU-Consuming Processes:
    PID    PPID CMD                         %CPU
 588793  588784 ps -eo pid,ppid,cmd,%cpu --  900
 588784  588783 /bin/bash /home/sufiyan/Dev 16.6
 588782  419177 /usr/sbin/CRON -f -P        12.5
   4029    3615 kube-apiserver --advertise-  3.6
   4126    3681 kube-apiserver --advertise-  3.2
==================================
      SYSTEM INFORMATION
==================================

----- Hostname & OS Info -----
Hostname: sufiyan-HP-Notebook
OS Information:
PRETTY_NAME="Ubuntu 24.04.4 LTS"

----- Uptime -----
System Uptime:
up 2 days, 2 hours, 13 minutes

----- Disk Usage -----
Top 5 Largest Files/Directories:
201M	./opt
108K	./snap

----- Memory Usage -----
Memory Usage:
               total        used        free      shared  buff/cache   available
Mem:            11Gi       4.2Gi       2.6Gi       569Mi       5.7Gi       7.4Gi
Swap:          4.0Gi          0B       4.0Gi

----- Top CPU Processes -----
Top 5 CPU-Consuming Processes:
    PID    PPID CMD                         %CPU
 589383  589374 ps -eo pid,ppid,cmd,%cpu --  900
   4029    3615 kube-apiserver --advertise-  3.6
   4126    3681 kube-apiserver --advertise-  3.2
   3357    2350 /usr/bin/kubelet --bootstra  2.2
   2836    2350 /usr/local/bin/containerd    1.7
==================================
      SYSTEM INFORMATION
==================================

----- Hostname & OS Info -----
Hostname: sufiyan-HP-Notebook
OS Information:
PRETTY_NAME="Ubuntu 24.04.4 LTS"

----- Uptime -----
System Uptime:
up 2 days, 2 hours, 14 minutes

----- Disk Usage -----
Top 5 Largest Files/Directories:
201M	./opt
108K	./snap

----- Memory Usage -----
Memory Usage:
               total        used        free      shared  buff/cache   available
Mem:            11Gi       4.1Gi       2.6Gi       569Mi       5.7Gi       7.4Gi
Swap:          4.0Gi          0B       4.0Gi

----- Top CPU Processes -----
Top 5 CPU-Consuming Processes:
    PID    PPID CMD                         %CPU
 589968  589959 ps -eo pid,ppid,cmd,%cpu -- 1100
 589957  419177 /usr/sbin/CRON -f -P        11.1
   4029    3615 kube-apiserver --advertise-  3.6
   4126    3681 kube-apiserver --advertise-  3.2
   3357    2350 /usr/bin/kubelet --bootstra  2.2
==================================
      SYSTEM INFORMATION
==================================

----- Hostname & OS Info -----
Hostname: sufiyan-HP-Notebook
OS Information:
PRETTY_NAME="Ubuntu 24.04.4 LTS"

----- Uptime -----
System Uptime:
up 2 days, 2 hours, 15 minutes

----- Disk Usage -----
Top 5 Largest Files/Directories:
201M	./opt
108K	./snap

----- Memory Usage -----
Memory Usage:
               total        used        free      shared  buff/cache   available
Mem:            11Gi       4.2Gi       2.6Gi       569Mi       5.7Gi       7.4Gi
Swap:          4.0Gi          0B       4.0Gi

----- Top CPU Processes -----
Top 5 CPU-Consuming Processes:
    PID    PPID CMD                         %CPU
 590570  590561 ps -eo pid,ppid,cmd,%cpu --  450
 590561  590560 /bin/bash /home/sufiyan/Dev 12.5
 590559  419177 /usr/sbin/CRON -f -P         9.0
   4029    3615 kube-apiserver --advertise-  3.6
   4126    3681 kube-apiserver --advertise-  3.2
==================================
      SYSTEM INFORMATION
==================================

----- Hostname & OS Info -----
Hostname: sufiyan-HP-Notebook
OS Information:
PRETTY_NAME="Ubuntu 24.04.4 LTS"

----- Uptime -----
System Uptime:
up 2 days, 2 hours, 28 minutes

----- Disk Usage -----
Top 5 Largest Files/Directories:
201M	./opt
108K	./snap

----- Memory Usage -----
Memory Usage:
               total        used        free      shared  buff/cache   available
Mem:            11Gi       4.2Gi       2.6Gi       570Mi       5.7Gi       7.4Gi
Swap:          4.0Gi          0B       4.0Gi

----- Top CPU Processes -----
Top 5 CPU-Consuming Processes:
    PID    PPID CMD                         %CPU
 591479  591470 ps -eo pid,ppid,cmd,%cpu --  550
 591470  591469 /bin/bash /home/sufiyan/Dev 14.2
 591468  419177 /usr/sbin/CRON -f -P        10.0
   4029    3615 kube-apiserver --advertise-  3.6
   4126    3681 kube-apiserver --advertise-  3.2
==================================
      SYSTEM INFORMATION
==================================

----- Hostname & OS Info -----
Hostname: sufiyan-HP-Notebook
OS Information:
PRETTY_NAME="Ubuntu 24.04.4 LTS"

----- Uptime -----
System Uptime:
up 2 days, 2 hours, 28 minutes

----- Disk Usage -----
Top 5 Largest Files/Directories:
201M	./opt
108K	./snap

----- Memory Usage -----
Memory Usage:
               total        used        free      shared  buff/cache   available
Mem:            11Gi       4.1Gi       2.6Gi       570Mi       5.7Gi       7.4Gi
Swap:          4.0Gi          0B       4.0Gi

----- Top CPU Processes -----
Top 5 CPU-Consuming Processes:
    PID    PPID CMD                         %CPU
   4029    3615 kube-apiserver --advertise-  3.6
   4126    3681 kube-apiserver --advertise-  3.2
   3357    2350 /usr/bin/kubelet --bootstra  2.2
   2836    2350 /usr/local/bin/containerd    1.7
   4036    3628 etcd --advertise-client-url  1.6
==================================
      SYSTEM INFORMATION
==================================

----- Hostname & OS Info -----
Hostname: sufiyan-HP-Notebook
OS Information:
PRETTY_NAME="Ubuntu 24.04.4 LTS"

----- Uptime -----
System Uptime:
up 2 days, 2 hours, 29 minutes

----- Disk Usage -----
Top 5 Largest Files/Directories:
201M	./opt
108K	./snap

----- Memory Usage -----
Memory Usage:
               total        used        free      shared  buff/cache   available
Mem:            11Gi       4.1Gi       2.6Gi       570Mi       5.7Gi       7.4Gi
Swap:          4.0Gi          0B       4.0Gi

----- Top CPU Processes -----
Top 5 CPU-Consuming Processes:
    PID    PPID CMD                         %CPU
 592258  592249 ps -eo pid,ppid,cmd,%cpu -- 1000
   4029    3615 kube-apiserver --advertise-  3.6
   4126    3681 kube-apiserver --advertise-  3.2
   3357    2350 /usr/bin/kubelet --bootstra  2.2
   2836    2350 /usr/local/bin/containerd    1.7
==================================
      SYSTEM INFORMATION
==================================

----- Hostname & OS Info -----
Hostname: sufiyan-HP-Notebook
OS Information:
PRETTY_NAME="Ubuntu 24.04.4 LTS"

----- Uptime -----
System Uptime:
up 2 days, 2 hours, 30 minutes

----- Disk Usage -----
Top 5 Largest Files/Directories:
201M	./opt
108K	./snap

----- Memory Usage -----
Memory Usage:
               total        used        free      shared  buff/cache   available
Mem:            11Gi       4.1Gi       2.6Gi       570Mi       5.7Gi       7.4Gi
Swap:          4.0Gi          0B       4.0Gi

----- Top CPU Processes -----
Top 5 CPU-Consuming Processes:
    PID    PPID CMD                         %CPU
 592849  592840 ps -eo pid,ppid,cmd,%cpu --  400
 592840  592839 /bin/bash /home/sufiyan/Dev 10.0
   4029    3615 kube-apiserver --advertise-  3.6
   4126    3681 kube-apiserver --advertise-  3.2
   3357    2350 /usr/bin/kubelet --bootstra  2.2
==================================
      SYSTEM INFORMATION
==================================

----- Hostname & OS Info -----
Hostname: sufiyan-HP-Notebook
OS Information:
PRETTY_NAME="Ubuntu 24.04.4 LTS"

----- Uptime -----
System Uptime:
up 2 days, 2 hours, 31 minutes

----- Disk Usage -----
Top 5 Largest Files/Directories:
201M	./opt
108K	./snap

----- Memory Usage -----
Memory Usage:
               total        used        free      shared  buff/cache   available
Mem:            11Gi       4.2Gi       2.6Gi       570Mi       5.7Gi       7.4Gi
Swap:          4.0Gi          0B       4.0Gi

----- Top CPU Processes -----
Top 5 CPU-Consuming Processes:
    PID    PPID CMD                         %CPU
 593444  593434 ps -eo pid,ppid,cmd,%cpu --  600
 593434  593433 /bin/bash /home/sufiyan/Dev  9.0
   4029    3615 kube-apiserver --advertise-  3.6
   4126    3681 kube-apiserver --advertise-  3.2
   3357    2350 /usr/bin/kubelet --bootstra  2.2
==================================
      SYSTEM INFORMATION
==================================

----- Hostname & OS Info -----
Hostname: sufiyan-HP-Notebook
OS Information:
PRETTY_NAME="Ubuntu 24.04.4 LTS"

----- Uptime -----
System Uptime:
up 2 days, 2 hours, 32 minutes

----- Disk Usage -----
Top 5 Largest Files/Directories:
201M	./opt
108K	./snap

----- Memory Usage -----
Memory Usage:
               total        used        free      shared  buff/cache   available
Mem:            11Gi       4.2Gi       2.6Gi       570Mi       5.7Gi       7.4Gi
Swap:          4.0Gi          0B       4.0Gi

----- Top CPU Processes -----
Top 5 CPU-Consuming Processes:
    PID    PPID CMD                         %CPU
 594017  594008 ps -eo pid,ppid,cmd,%cpu -- 1000
 594008  594007 /bin/bash /home/sufiyan/Dev 16.6
 594006  419177 /usr/sbin/CRON -f -P        11.1
   4029    3615 kube-apiserver --advertise-  3.6
   4126    3681 kube-apiserver --advertise-  3.2
==================================
      SYSTEM INFORMATION
==================================

----- Hostname & OS Info -----
Hostname: sufiyan-HP-Notebook
OS Information:
PRETTY_NAME="Ubuntu 24.04.4 LTS"

----- Uptime -----
System Uptime:
up 2 days, 2 hours, 33 minutes

----- Disk Usage -----
Top 5 Largest Files/Directories:
201M	./opt
108K	./snap

----- Memory Usage -----
Memory Usage:
               total        used        free      shared  buff/cache   available
Mem:            11Gi       4.2Gi       2.6Gi       570Mi       5.7Gi       7.4Gi
Swap:          4.0Gi          0B       4.0Gi

----- Top CPU Processes -----
Top 5 CPU-Consuming Processes:
    PID    PPID CMD                         %CPU
   4029    3615 kube-apiserver --advertise-  3.6
   4126    3681 kube-apiserver --advertise-  3.2
   3357    2350 /usr/bin/kubelet --bootstra  2.2
   2836    2350 /usr/local/bin/containerd    1.7
   4036    3628 etcd --advertise-client-url  1.6
==================================
      SYSTEM INFORMATION
==================================

----- Hostname & OS Info -----
Hostname: sufiyan-HP-Notebook
OS Information:
PRETTY_NAME="Ubuntu 24.04.4 LTS"

----- Uptime -----
System Uptime:
up 2 days, 2 hours, 34 minutes

----- Disk Usage -----
Top 5 Largest Files/Directories:
201M	./opt
108K	./snap

----- Memory Usage -----
Memory Usage:
               total        used        free      shared  buff/cache   available
Mem:            11Gi       4.1Gi       2.6Gi       570Mi       5.7Gi       7.4Gi
Swap:          4.0Gi          0B       4.0Gi

----- Top CPU Processes -----
Top 5 CPU-Consuming Processes:
    PID    PPID CMD                         %CPU
 595211  595202 ps -eo pid,ppid,cmd,%cpu --  900
   4029    3615 kube-apiserver --advertise-  3.6
   4126    3681 kube-apiserver --advertise-  3.2
   3357    2350 /usr/bin/kubelet --bootstra  2.2
   2836    2350 /usr/local/bin/containerd    1.7
==================================
      SYSTEM INFORMATION
==================================

----- Hostname & OS Info -----
Hostname: sufiyan-HP-Notebook
OS Information:
PRETTY_NAME="Ubuntu 24.04.4 LTS"

----- Uptime -----
System Uptime:
up 2 days, 2 hours, 35 minutes

----- Disk Usage -----
Top 5 Largest Files/Directories:
201M	./opt
108K	./snap

----- Memory Usage -----
Memory Usage:
               total        used        free      shared  buff/cache   available
Mem:            11Gi       4.2Gi       2.6Gi       571Mi       5.7Gi       7.4Gi
Swap:          4.0Gi          0B       4.0Gi

----- Top CPU Processes -----
Top 5 CPU-Consuming Processes:
    PID    PPID CMD                         %CPU
 595792  595783 ps -eo pid,ppid,cmd,%cpu -- 1000
   4029    3615 kube-apiserver --advertise-  3.6
   4126    3681 kube-apiserver --advertise-  3.3
   3357    2350 /usr/bin/kubelet --bootstra  2.2
   2836    2350 /usr/local/bin/containerd    1.7
==================================
      SYSTEM INFORMATION
==================================

----- Hostname & OS Info -----
Hostname: sufiyan-HP-Notebook
OS Information:
PRETTY_NAME="Ubuntu 24.04.4 LTS"

----- Uptime -----
System Uptime:
up 2 days, 2 hours, 36 minutes

----- Disk Usage -----
Top 5 Largest Files/Directories:
201M	./opt
108K	./snap

----- Memory Usage -----
Memory Usage:
               total        used        free      shared  buff/cache   available
Mem:            11Gi       4.2Gi       2.6Gi       571Mi       5.7Gi       7.4Gi
Swap:          4.0Gi          0B       4.0Gi

----- Top CPU Processes -----
Top 5 CPU-Consuming Processes:
    PID    PPID CMD                         %CPU
 596386  596376 ps -eo pid,ppid,cmd,%cpu --  500
 596376  596374 /bin/bash /home/sufiyan/Dev 12.5
 596373  419177 /usr/sbin/CRON -f -P         9.0
   4029    3615 kube-apiserver --advertise-  3.6
   4126    3681 kube-apiserver --advertise-  3.3
==================================
      SYSTEM INFORMATION
==================================

----- Hostname & OS Info -----
Hostname: sufiyan-HP-Notebook
OS Information:
PRETTY_NAME="Ubuntu 24.04.4 LTS"

----- Uptime -----
System Uptime:
up 2 days, 2 hours, 37 minutes

----- Disk Usage -----
Top 5 Largest Files/Directories:
201M	./opt
108K	./snap

----- Memory Usage -----
Memory Usage:
               total        used        free      shared  buff/cache   available
Mem:            11Gi       4.2Gi       2.6Gi       570Mi       5.7Gi       7.4Gi
Swap:          4.0Gi          0B       4.0Gi

----- Top CPU Processes -----
Top 5 CPU-Consuming Processes:
    PID    PPID CMD                         %CPU
 596972  596963 ps -eo pid,ppid,cmd,%cpu --  800
 596963  596962 /bin/bash /home/sufiyan/Dev 16.6
   4029    3615 kube-apiserver --advertise-  3.6
   4126    3681 kube-apiserver --advertise-  3.3
   3357    2350 /usr/bin/kubelet --bootstra  2.2
==================================
      SYSTEM INFORMATION
==================================

----- Hostname & OS Info -----
Hostname: sufiyan-HP-Notebook
OS Information:
PRETTY_NAME="Ubuntu 24.04.4 LTS"

----- Uptime -----
System Uptime:
up 2 days, 2 hours, 38 minutes

----- Disk Usage -----
Top 5 Largest Files/Directories:
201M	./opt
108K	./snap

----- Memory Usage -----
Memory Usage:
               total        used        free      shared  buff/cache   available
Mem:            11Gi       4.2Gi       2.6Gi       571Mi       5.7Gi       7.4Gi
Swap:          4.0Gi          0B       4.0Gi

----- Top CPU Processes -----
Top 5 CPU-Consuming Processes:
    PID    PPID CMD                         %CPU
 597547  597538 ps -eo pid,ppid,cmd,%cpu --  550
 597536  419177 /usr/sbin/CRON -f -P        15.3
 597538  597537 /bin/bash /home/sufiyan/Dev 12.5
   4029    3615 kube-apiserver --advertise-  3.6
   4126    3681 kube-apiserver --advertise-  3.3
==================================
      SYSTEM INFORMATION
==================================

----- Hostname & OS Info -----
Hostname: sufiyan-HP-Notebook
OS Information:
PRETTY_NAME="Ubuntu 24.04.4 LTS"

----- Uptime -----
System Uptime:
up 2 days, 2 hours, 39 minutes

----- Disk Usage -----
Top 5 Largest Files/Directories:
201M	./opt
108K	./snap

----- Memory Usage -----
Memory Usage:
               total        used        free      shared  buff/cache   available
Mem:            11Gi       4.2Gi       2.6Gi       571Mi       5.7Gi       7.4Gi
Swap:          4.0Gi          0B       4.0Gi

----- Top CPU Processes -----
Top 5 CPU-Consuming Processes:
    PID    PPID CMD                         %CPU
 598146  598137 ps -eo pid,ppid,cmd,%cpu --  900
 598137  598136 /bin/bash /home/sufiyan/Dev 16.6
 598135  419177 /usr/sbin/CRON -f -P        11.1
   4029    3615 kube-apiserver --advertise-  3.6
   4126    3681 kube-apiserver --advertise-  3.3
==================================
      SYSTEM INFORMATION
==================================

----- Hostname & OS Info -----
Hostname: sufiyan-HP-Notebook
OS Information:
PRETTY_NAME="Ubuntu 24.04.4 LTS"

----- Uptime -----
System Uptime:
up 2 days, 2 hours, 40 minutes

----- Disk Usage -----
Top 5 Largest Files/Directories:
201M	./opt
108K	./snap

----- Memory Usage -----
Memory Usage:
               total        used        free      shared  buff/cache   available
Mem:            11Gi       4.2Gi       2.6Gi       571Mi       5.7Gi       7.4Gi
Swap:          4.0Gi          0B       4.0Gi

----- Top CPU Processes -----
Top 5 CPU-Consuming Processes:
    PID    PPID CMD                         %CPU
 598742  598733 ps -eo pid,ppid,cmd,%cpu --  500
   4029    3615 kube-apiserver --advertise-  3.6
   4126    3681 kube-apiserver --advertise-  3.3
   3357    2350 /usr/bin/kubelet --bootstra  2.2
   2836    2350 /usr/local/bin/containerd    1.7
==================================
      SYSTEM INFORMATION
==================================

----- Hostname & OS Info -----
Hostname: sufiyan-HP-Notebook
OS Information:
PRETTY_NAME="Ubuntu 24.04.4 LTS"

----- Uptime -----
System Uptime:
up 2 days, 2 hours, 41 minutes

----- Disk Usage -----
Top 5 Largest Files/Directories:
201M	./opt
108K	./snap

----- Memory Usage -----
Memory Usage:
               total        used        free      shared  buff/cache   available
Mem:            11Gi       4.2Gi       2.6Gi       571Mi       5.7Gi       7.4Gi
Swap:          4.0Gi          0B       4.0Gi

----- Top CPU Processes -----
Top 5 CPU-Consuming Processes:
    PID    PPID CMD                         %CPU
 599317  599308 ps -eo pid,ppid,cmd,%cpu --  900
 599308  599307 /bin/bash /home/sufiyan/Dev 16.6
 599306  419177 /usr/sbin/CRON -f -P        11.1
   4029    3615 kube-apiserver --advertise-  3.6
   4126    3681 kube-apiserver --advertise-  3.3
==================================
      SYSTEM INFORMATION
==================================

----- Hostname & OS Info -----
Hostname: sufiyan-HP-Notebook
OS Information:
PRETTY_NAME="Ubuntu 24.04.4 LTS"

----- Uptime -----
System Uptime:
up 2 days, 2 hours, 42 minutes

----- Disk Usage -----
Top 5 Largest Files/Directories:
201M	./opt
108K	./snap

----- Memory Usage -----
Memory Usage:
               total        used        free      shared  buff/cache   available
Mem:            11Gi       4.2Gi       2.6Gi       571Mi       5.7Gi       7.4Gi
Swap:          4.0Gi          0B       4.0Gi

----- Top CPU Processes -----
Top 5 CPU-Consuming Processes:
    PID    PPID CMD                         %CPU
 599914  599905 ps -eo pid,ppid,cmd,%cpu -- 1100
 599905  599904 /bin/bash /home/sufiyan/Dev 16.6
   4029    3615 kube-apiserver --advertise-  3.6
   4126    3681 kube-apiserver --advertise-  3.3
   3357    2350 /usr/bin/kubelet --bootstra  2.2
==================================
      SYSTEM INFORMATION
==================================

----- Hostname & OS Info -----
Hostname: sufiyan-HP-Notebook
OS Information:
PRETTY_NAME="Ubuntu 24.04.4 LTS"

----- Uptime -----
System Uptime:
up 2 days, 2 hours, 58 minutes

----- Disk Usage -----
Top 5 Largest Files/Directories:
201M	./opt
108K	./snap

----- Memory Usage -----
Memory Usage:
               total        used        free      shared  buff/cache   available
Mem:            11Gi       4.3Gi       2.5Gi       577Mi       5.7Gi       7.3Gi
Swap:          4.0Gi          0B       4.0Gi

----- Top CPU Processes -----
Top 5 CPU-Consuming Processes:
    PID    PPID CMD                         %CPU
 600775  600764 ps -eo pid,ppid,cmd,%cpu --  400
   4029    3615 kube-apiserver --advertise-  3.6
   4126    3681 kube-apiserver --advertise-  3.3
 600151    3441 gjs /usr/share/gnome-shell/  2.3
   3357    2350 /usr/bin/kubelet --bootstra  2.2
==================================
      SYSTEM INFORMATION
==================================

----- Hostname & OS Info -----
Hostname: sufiyan-HP-Notebook
OS Information:
PRETTY_NAME="Ubuntu 24.04.4 LTS"

----- Uptime -----
System Uptime:
up 2 days, 2 hours, 59 minutes

----- Disk Usage -----
Top 5 Largest Files/Directories:
201M	./opt
108K	./snap

----- Memory Usage -----
Memory Usage:
               total        used        free      shared  buff/cache   available
Mem:            11Gi       4.3Gi       2.5Gi       580Mi       5.7Gi       7.3Gi
Swap:          4.0Gi          0B       4.0Gi

----- Top CPU Processes -----
Top 5 CPU-Consuming Processes:
    PID    PPID CMD                         %CPU
 601683  601669 /usr/bin/python3 /usr/lib/u 95.1
   4029    3615 kube-apiserver --advertise-  3.6
   4126    3681 kube-apiserver --advertise-  3.3
   3357    2350 /usr/bin/kubelet --bootstra  2.2
 601085  601084 apt update                   1.8
==================================
      SYSTEM INFORMATION
==================================

----- Hostname & OS Info -----
Hostname: sufiyan-HP-Notebook
OS Information:
PRETTY_NAME="Ubuntu 24.04.4 LTS"

----- Uptime -----
System Uptime:
up 2 days, 3 hours, 0 minutes

----- Disk Usage -----
Top 5 Largest Files/Directories:
201M	./opt
108K	./snap

----- Memory Usage -----
Memory Usage:
               total        used        free      shared  buff/cache   available
Mem:            11Gi       4.1Gi       2.6Gi       543Mi       5.6Gi       7.4Gi
Swap:          4.0Gi          0B       4.0Gi

----- Top CPU Processes -----
Top 5 CPU-Consuming Processes:
    PID    PPID CMD                         %CPU
 602357  602348 ps -eo pid,ppid,cmd,%cpu -- 1100
 602348  602347 /bin/bash /home/sufiyan/Dev 14.2
   4029    3615 kube-apiserver --advertise-  3.6
   4126    3681 kube-apiserver --advertise-  3.3
   3357    2350 /usr/bin/kubelet --bootstra  2.2
==================================
      SYSTEM INFORMATION
==================================

----- Hostname & OS Info -----
Hostname: sufiyan-HP-Notebook
OS Information:
PRETTY_NAME="Ubuntu 24.04.4 LTS"

----- Uptime -----
System Uptime:
up 2 days, 3 hours, 1 minute

----- Disk Usage -----
Top 5 Largest Files/Directories:
201M	./opt
108K	./snap

----- Memory Usage -----
Memory Usage:
               total        used        free      shared  buff/cache   available
Mem:            11Gi       4.1Gi       2.6Gi       540Mi       5.7Gi       7.4Gi
Swap:          4.0Gi          0B       4.0Gi

----- Top CPU Processes -----
Top 5 CPU-Consuming Processes:
    PID    PPID CMD                         %CPU
 603270  603261 ps -eo pid,ppid,cmd,%cpu -- 1500
 603261  603260 /bin/bash /home/sufiyan/Dev 14.2
 603259  419177 /usr/sbin/CRON -f -P        11.1
   4029    3615 kube-apiserver --advertise-  3.6
   4126    3681 kube-apiserver --advertise-  3.3
==================================
      SYSTEM INFORMATION
==================================

----- Hostname & OS Info -----
Hostname: sufiyan-HP-Notebook
OS Information:
PRETTY_NAME="Ubuntu 24.04.4 LTS"

----- Uptime -----
System Uptime:
up 2 days, 3 hours, 2 minutes

----- Disk Usage -----
Top 5 Largest Files/Directories:
201M	./opt
108K	./snap

----- Memory Usage -----
Memory Usage:
               total        used        free      shared  buff/cache   available
Mem:            11Gi       4.2Gi       2.5Gi       612Mi       5.8Gi       7.3Gi
Swap:          4.0Gi          0B       4.0Gi

----- Top CPU Processes -----
Top 5 CPU-Consuming Processes:
    PID    PPID CMD                         %CPU
 603872  603863 ps -eo pid,ppid,cmd,%cpu -- 1300
 603861  419177 /usr/sbin/CRON -f -P        12.5
   4029    3615 kube-apiserver --advertise-  3.6
   4126    3681 kube-apiserver --advertise-  3.3
   3357    2350 /usr/bin/kubelet --bootstra  2.2
==================================
      SYSTEM INFORMATION
==================================

----- Hostname & OS Info -----
Hostname: sufiyan-HP-Notebook
OS Information:
PRETTY_NAME="Ubuntu 24.04.4 LTS"

----- Uptime -----
System Uptime:
up 2 days, 3 hours, 3 minutes

----- Disk Usage -----
Top 5 Largest Files/Directories:
201M	./opt
108K	./snap

----- Memory Usage -----
Memory Usage:
               total        used        free      shared  buff/cache   available
Mem:            11Gi       4.2Gi       2.5Gi       575Mi       5.7Gi       7.4Gi
Swap:          4.0Gi          0B       4.0Gi

----- Top CPU Processes -----
Top 5 CPU-Consuming Processes:
    PID    PPID CMD                         %CPU
 604517    5231 /bin/calico-node -felix-rea  175
 604498    5231 /bin/calico-node -felix-liv  133
 604508  419177 /usr/sbin/CRON -f -P        12.5
   4029    3615 kube-apiserver --advertise-  3.6
   4126    3681 kube-apiserver --advertise-  3.3
==================================
      SYSTEM INFORMATION
==================================

----- Hostname & OS Info -----
Hostname: sufiyan-HP-Notebook
OS Information:
PRETTY_NAME="Ubuntu 24.04.4 LTS"

----- Uptime -----
System Uptime:
up 2 days, 3 hours, 4 minutes

----- Disk Usage -----
Top 5 Largest Files/Directories:
201M	./opt
108K	./snap

----- Memory Usage -----
Memory Usage:
               total        used        free      shared  buff/cache   available
Mem:            11Gi       4.1Gi       2.6Gi       549Mi       5.7Gi       7.4Gi
Swap:          4.0Gi          0B       4.0Gi

----- Top CPU Processes -----
Top 5 CPU-Consuming Processes:
    PID    PPID CMD                         %CPU
 605147  605138 ps -eo pid,ppid,cmd,%cpu --  300
   4029    3615 kube-apiserver --advertise-  3.6
   4126    3681 kube-apiserver --advertise-  3.3
   3357    2350 /usr/bin/kubelet --bootstra  2.2
   2836    2350 /usr/local/bin/containerd    1.7
==================================
      SYSTEM INFORMATION
==================================

----- Hostname & OS Info -----
Hostname: sufiyan-HP-Notebook
OS Information:
PRETTY_NAME="Ubuntu 24.04.4 LTS"

----- Uptime -----
System Uptime:
up 2 days, 3 hours, 5 minutes

----- Disk Usage -----
Top 5 Largest Files/Directories:
201M	./opt
108K	./snap

----- Memory Usage -----
Memory Usage:
               total        used        free      shared  buff/cache   available
Mem:            11Gi       4.2Gi       2.5Gi       576Mi       5.7Gi       7.4Gi
Swap:          4.0Gi          0B       4.0Gi

----- Top CPU Processes -----
Top 5 CPU-Consuming Processes:
    PID    PPID CMD                         %CPU
 605661  605652 ps -eo pid,ppid,cmd,%cpu -- 1100
 605650  419177 /usr/sbin/CRON -f -P        12.5
   4029    3615 kube-apiserver --advertise-  3.6
   4126    3681 kube-apiserver --advertise-  3.3
   3357    2350 /usr/bin/kubelet --bootstra  2.2
==================================
      SYSTEM INFORMATION
==================================

----- Hostname & OS Info -----
Hostname: sufiyan-HP-Notebook
OS Information:
PRETTY_NAME="Ubuntu 24.04.4 LTS"

----- Uptime -----
System Uptime:
up 2 days, 3 hours, 6 minutes

----- Disk Usage -----
Top 5 Largest Files/Directories:
201M	./opt
108K	./snap

----- Memory Usage -----
Memory Usage:
               total        used        free      shared  buff/cache   available
Mem:            11Gi       4.2Gi       2.5Gi       585Mi       5.7Gi       7.4Gi
Swap:          4.0Gi          0B       4.0Gi

----- Top CPU Processes -----
Top 5 CPU-Consuming Processes:
    PID    PPID CMD                         %CPU
 606270  606260 ps -eo pid,ppid,cmd,%cpu --  900
 606257  419177 /usr/sbin/CRON -f -P        14.2
 606260  606258 /bin/bash /home/sufiyan/Dev 10.0
   4029    3615 kube-apiserver --advertise-  3.6
   4126    3681 kube-apiserver --advertise-  3.3
==================================
      SYSTEM INFORMATION
==================================

----- Hostname & OS Info -----
Hostname: sufiyan-HP-Notebook
OS Information:
PRETTY_NAME="Ubuntu 24.04.4 LTS"

----- Uptime -----
System Uptime:
up 2 days, 3 hours, 7 minutes

----- Disk Usage -----
Top 5 Largest Files/Directories:
201M	./opt
108K	./snap

----- Memory Usage -----
Memory Usage:
               total        used        free      shared  buff/cache   available
Mem:            11Gi       4.2Gi       2.5Gi       577Mi       5.7Gi       7.4Gi
Swap:          4.0Gi          0B       4.0Gi

----- Top CPU Processes -----
Top 5 CPU-Consuming Processes:
    PID    PPID CMD                         %CPU
 606865  606856 ps -eo pid,ppid,cmd,%cpu --  550
 606856  606855 /bin/bash /home/sufiyan/Dev  7.6
 606854  419177 /usr/sbin/CRON -f -P         6.2
   4029    3615 kube-apiserver --advertise-  3.6
   4126    3681 kube-apiserver --advertise-  3.3
